Parameters;precision-mean;precision-std;recall-mean;recall-std;f1-score-mean;f1-score-std;auc_roc-mean;auc_roc-std;accuracy-mean;accuracy-std;time-mean;time-std
SVDD_RBF_0.001_scale;0.5537314304509683;0.07381433958291743;0.006176328070815443;0.002364101046806893;0.012202236974403865;0.00463566846042502;0.5791268497094915;0.011414536770659213;0.5269301706809393;0.0008523689012578071;4.9171930074691765;0.24286333740435065
SVDD_RBF_0.01_scale;0.623139555704606;0.03706355158558885;0.014884845195626726;0.002912759261784718;0.029053260221557093;0.0055794011957879105;0.5741459110495263;0.009167207439318542;0.5291097372889211;0.0010399721877619415;5.341164088249206;0.2297700278860457
SVDD_RBF_0.05_scale;0.6234551968535804;0.035098201207625815;0.014946611718171509;0.002861240640098141;0.029171827244814787;0.005478544837866638;0.5737115534822294;0.009170793020072223;0.5291243657266039;0.0009968032650507278;5.360740995407103;0.24031025666465694
SVDD_RBF_0.1_scale;0.6244032964638411;0.034095749270088765;0.01500838777552989;0.0028845670595447725;0.029290213911378368;0.0055217685339456575;0.5737021021472672;0.009170401448478995;0.5291536247415685;0.0009819720204784477;5.348885440826416;0.2319405639367607
SVDD_RBF_0.2_scale;0.623571278808294;0.03419756501517473;0.014946621252985112;0.0028277791597564623;0.029172148589522537;0.005414072857944696;0.5737052956685178;0.009165107281965014;0.5291243678662028;0.0009696660290219207;5.372686243057251;0.2364692099462221
SVDD_RBF_0.3_scale;0.623571278808294;0.03419756501517473;0.014946621252985112;0.0028277791597564623;0.029172148589522537;0.005414072857944696;0.5737144644014628;0.009170315107918063;0.5291243678662028;0.0009696660290219207;5.392537450790405;0.2407822090206016
SVDD_RBF_0.4_scale;0.6239670908614094;0.03449646249539009;0.014977494979443897;0.002858081704665153;0.029231215142897025;0.005472223610203038;0.5737150558249096;0.009165428154857462;0.5291389941642868;0.0009846119649118187;5.394210243225098;0.2070288563476451
SVDD_RBF_0.5_scale;0.623571278808294;0.03419756501517473;0.014946621252985112;0.0028277791597564623;0.029172148589522537;0.005414072857944696;0.5737084036599993;0.009166096805544355;0.5291243678662028;0.0009696660290219207;5.397397065162659;0.23223462293519365
SVDD_RBF_0.6_scale;0.623571278808294;0.03419756501517473;0.014946621252985112;0.0028277791597564623;0.029172148589522537;0.005414072857944696;0.5736966275344875;0.009160225724720708;0.5291243678662028;0.0009696660290219207;5.349950933456421;0.23574545254631885
SVDD_RBF_0.7_scale;0.623059384800465;0.03479864981067226;0.014915737991712724;0.002830635084859784;0.029112760691440306;0.005419814714054468;0.5736061900606299;0.0091287084828538;0.52910973942852;0.0009818249924641944;5.3509152173995975;0.23367255390722386
SVDD_RBF_0.8_scale;0.6284425493676984;0.02794463862359769;0.014452517677067688;0.0028831859194283467;0.028232981090476342;0.005524202234000347;0.5728844749653333;0.00907758945031235;0.5291243678662028;0.0008696089841208692;5.35246787071228;0.23872055313925256
SVDD_RBF_0.9_scale;0.6103217524825111;0.02779226355212441;0.01096290938437332;0.002874655620369549;0.021518424454038114;0.0055626049255195036;0.5712434296756175;0.008989957395612867;0.5282466872804183;0.0007814648598068295;5.342984890937805;0.2511714296086208
SVDD_RBF_0.0001_scale_;0.0;0.0;0.0;0.0;0.0;0.0;0.5712549015947298;0.03470055366943344;0.5263157912754517;3.079310737632568e-05;1.9951014518737793;0.5555382758879247
SVDD_RBF_0.0005_scale_;0.1;0.30000000000000004;3.088326127239037e-05;9.264978381717111e-05;6.174745291756716e-05;0.0001852423587527015;0.5800019089613752;0.010435700752798496;0.5263304197131345;5.765926825390104e-05;4.820898032188415;0.6688348302075335
SVDD_RBF_0.005_scale_;0.6185589502471683;0.03467805345231748;0.014112859011953032;0.0028441498169214296;0.027576304697737038;0.005461819733153475;0.5743786219239638;0.009164302700718822;0.5289049562781523;0.0009726580777983251;13.811117315292359;3.6416744802494025
SVDD_RBF_0.0001_auto_;0.0;0.0;0.0;0.0;0.0;0.0;0.537504406734856;0.0337139886585428;0.5263157912754517;3.079310737632568e-05;0.3402801752090454;0.014706707549369105
SVDD_RBF_0.0005_auto_;0.0;0.0;0.0;0.0;0.0;0.0;0.537504406734856;0.0337139886585428;0.5263157912754517;3.079310737632568e-05;0.34640111923217776;0.014409590856624282
SVDD_RBF_0.001_auto_;0.0;0.0;0.0;0.0;0.0;0.0;0.537504406734856;0.0337139886585428;0.5263157912754517;3.079310737632568e-05;0.35244293212890626;0.01528091241194845
SVDD_RBF_0.005_auto_;0.0;0.0;0.0;0.0;0.0;0.0;0.537504406734856;0.0337139886585428;0.5263157912754517;3.079310737632568e-05;0.3495570182800293;0.013290991345425674
SVDD_RBF_0.01_auto_;0.5638102722084353;0.09404360731069766;0.05456790989829977;0.04372511592663819;0.09339282472058112;0.06526405000925545;0.5399079873595645;0.03326740599199542;0.5285394122247952;0.006741725932584436;0.46107211112976076;0.029893450805751
SVDD_RBF_0.05_auto_;0.76248692694613;0.15641213002699614;0.005712459388845145;0.007842512194247158;0.011128158050358775;0.01497314043837438;0.5505005148012818;0.035219982088115345;0.5275883904678986;0.0012307727889185524;0.8219709396362305;0.039576402270944534
SVDD_RBF_0.1_auto_;0.5;0.5;0.00015440677154834504;0.00015440677390349226;0.000308718206731997;0.0003087182114379309;0.563672440652842;0.032106517006834395;0.5263889313242671;7.935959789981574e-05;1.0243412971496582;0.24969982078830705
SVDD_RBF_0.2_auto_;0.5946775575354133;0.09581800423435408;0.10542426964757996;0.10997392933900878;0.15328549890903911;0.13541479106784285;0.5666896565668568;0.029736941918525186;0.5343904471017121;0.008548473102391556;2.837794375419617;0.5203494928912052
SVDD_RBF_0.3_auto_;0.5117587699243566;0.018165015712035278;0.5493549221854327;0.2843767549958178;0.4840863353912064;0.16418295691935642;0.5653826472655865;0.02580902069796872;0.534156122509325;0.018841991852982246;5.376385116577149;1.2059302620417323
SVDD_RBF_0.4_auto_;0.5238823631391126;0.02815154103167468;0.5071507002081068;0.22605084036598014;0.4804666172473291;0.1370861172720769;0.5702104220863877;0.021662431231711816;0.5391882772574415;0.013411282425915919;8.68392984867096;2.235424792149179
SVDD_RBF_0.5_auto_;0.5481231838944544;0.02495998468222979;0.35575869370002444;0.06251934015062392;0.4268974545264622;0.048202152028443225;0.5710948952468378;0.017846090241382243;0.5539628003344279;0.013886407416781937;11.071324729919434;3.3056015832745387
SVDD_RBF_0.6_auto_;0.5537489579884437;0.04213315953301219;0.37562389622613984;0.217720645967649;0.40311529168124105;0.14631340563457512;0.5747079484180712;0.014001510286618108;0.5470582611924771;0.011998813246175528;5.589614915847778;1.1141502010478572
SVDD_RBF_0.7_auto_;0.551222219155535;0.033813548565416095;0.38687167723664323;0.17408070512591642;0.4264900224510968;0.11345807187304173;0.5757655969018958;0.012345818326240252;0.5509930777128852;0.010341970925381519;8.3703462600708;1.9187421645867537
SVDD_RBF_0.8_auto_;0.5289725783513883;0.02891044095294604;0.5368562403734137;0.2308299423550594;0.49185135683934433;0.15543521896147827;0.5736998249910349;0.011372765653911729;0.542318625987243;0.011603324123851604;12.109230399131775;0.8503586143002793
SVDD_RBF_0.9_auto_;0.5542983171139173;0.03414525041282818;0.3297598409287976;0.22353113242550562;0.36529660500067446;0.15430399341323467;0.5711941830602967;0.011247670591578501;0.5442203143276186;0.013495813775200332;15.801370453834533;3.087772368716823
SVDD_linear_0.0001_scale_;0.1;0.30000000000000004;6.176652254478074e-05;0.00018529956763434222;0.00012345679012345682;0.00037037037037037046;0.565323458373104;0.027081100345377553;0.5263450481508174;9.77384692534095e-05;0.6771945953369141;0.046935402835554654
SVDD_linear_0.0005_scale_;0.5807468572999599;0.017564489633179005;0.20545275967063703;0.019444900034639997;0.3027911828567901;0.020441263291792442;0.5775843507676498;0.008290459230589377;0.553011915511861;0.0043222631426252985;2.34135959148407;0.14379471833583476
SVDD_linear_0.001_scale_;0.5673835217665363;0.02010951725031854;0.29006783257096147;0.026863442794341108;0.3826024848548214;0.02019758213375673;0.5781903813766218;0.011072279160894781;0.5580439996532138;0.00600371102854307;2.8129677772521973;0.506640087556812
SVDD_linear_0.005_scale_;0.5554411066483952;0.015082949783055256;0.35152106974506386;0.027693335422495857;0.4295853906879928;0.018076389239794093;0.5777581271075855;0.010144848151378182;0.5589361781611483;0.0070043918741521305;4.8490763187408445;0.5723385073042063
SVDD_linear_0.01_scale_;0.5541576006895816;0.014439738893200894;0.3524784699141352;0.027418166024762648;0.42994546268002065;0.018024455065558304;0.5772964756328332;0.009728210918042351;0.5583656712311159;0.0067649382212126505;4.515813875198364;0.4542588121411356
SVDD_linear_0.05_scale_;0.554412135288415;0.014647764222114404;0.3526019838895975;0.027604719497045387;0.43009613921602163;0.01806891984795856;0.5774262500852887;0.009845182057495567;0.5584973250306626;0.0068018529187828984;3.667102098464966;0.7871112292079385
SVDD_linear_0.1_scale_;0.5544323466224976;0.014720678189462887;0.3526637504121423;0.027587213615341298;0.4301480666203066;0.018062870759080207;0.5774469339871864;0.00986415490968995;0.5585119534683455;0.0068202477450426836;2.9031253099441527;0.1826459606596472
SVDD_linear_0.2_scale_;0.5544197753989163;0.014593086237678009;0.35269463367341475;0.02758912363627335;0.430169189176298;0.018052094653531452;0.5774471143748356;0.009855242811477781;0.5585119513287465;0.00676462888033978;4.035818815231323;0.5419765715133119
SVDD_linear_0.3_scale_;0.554534770923851;0.014587825955261105;0.3527872739224183;0.027647316069466445;0.43027198331690675;0.01811287708543986;0.5774427271230117;0.009861664262363946;0.558585091377562;0.006770238463535707;5.285340166091919;0.6564646355395872
SVDD_linear_0.4_scale_;0.5542410374003875;0.014548852056616548;0.35241668432196327;0.027718005431256017;0.429904793548768;0.018214549372369583;0.5774024798983183;0.009794448134998983;0.5583949259668824;0.006779562338567855;5.788701510429382;1.2408959468351624
SVDD_linear_0.5_scale_;0.5544932589247229;0.015525185910634814;0.3488961355591148;0.02826042079359957;0.4272940273031578;0.01890023884408295;0.5771442105876533;0.009780796981834584;0.5581754865640465;0.007212250124625232;5.222570610046387;0.748658145121442
SVDD_linear_0.6_scale_;0.5570934457436592;0.017028830953037435;0.33623474215289606;0.02990719303115531;0.41818242702271535;0.02067461876489698;0.5765006692057426;0.009831950361936485;0.5582339831979867;0.007463022413492411;4.2093318700790405;0.8807836019566506
SVDD_linear_0.7_scale_;0.5626502889743726;0.01498580301189376;0.30365516126134906;0.03401880482749913;0.39287050349157016;0.026205974929979833;0.5757524543194027;0.010136771929422342;0.5576195952341034;0.005275610538350162;2.9686530351638796;0.1477536446035568
SVDD_linear_0.8_scale_;0.5749754402657897;0.020673252295454837;0.2464319297261354;0.040875249673182346;0.3423010708620934;0.036880120395421066;0.5745910501536846;0.01047836245329733;0.5555862381169886;0.005511545705948569;3.402942943572998;0.4949235304476473
SVDD_linear_0.9_scale_;0.5831498163002924;0.02732738382268874;0.15737067789282905;0.043780577681427416;0.24383168120858256;0.05138610698702108;0.5717826233638811;0.011337653038548745;0.5460781451697313;0.004482809811741522;4.170882606506348;0.730864235953752
SVDD_linear_0.0001_auto_;0.1;0.30000000000000004;6.176652254478074e-05;0.00018529956763434222;0.00012345679012345682;0.00037037037037037046;0.565323458373104;0.027081100345377553;0.5263450481508174;9.77384692534095e-05;0.5583148002624512;0.036696491585849464
SVDD_linear_0.0005_auto_;0.5807468572999599;0.017564489633179005;0.20545275967063703;0.019444900034639997;0.3027911828567901;0.020441263291792442;0.5775843507676498;0.008290459230589377;0.553011915511861;0.0043222631426252985;2.0474929332733156;0.47961831577980685
SVDD_linear_0.001_auto_;0.5673835217665363;0.02010951725031854;0.29006783257096147;0.026863442794341108;0.3826024848548214;0.02019758213375673;0.5781903813766218;0.011072279160894781;0.5580439996532138;0.00600371102854307;5.185085916519165;1.220586562985322
SVDD_linear_0.005_auto_;0.5554411066483952;0.015082949783055256;0.35152106974506386;0.027693335422495857;0.4295853906879928;0.018076389239794093;0.5777581271075855;0.010144848151378182;0.5589361781611483;0.0070043918741521305;8.229804992675781;1.5373270203469331
SVDD_linear_0.01_auto_;0.5541576006895816;0.014439738893200894;0.3524784699141352;0.027418166024762648;0.42994546268002065;0.018024455065558304;0.5772964756328332;0.009728210918042351;0.5583656712311159;0.0067649382212126505;7.889665746688843;1.6431185989523156
SVDD_linear_0.05_auto_;0.554412135288415;0.014647764222114404;0.3526019838895975;0.027604719497045387;0.43009613921602163;0.01806891984795856;0.5774262500852887;0.009845182057495567;0.5584973250306626;0.0068018529187828984;7.190383195877075;2.0229446714263113
SVDD_linear_0.1_auto_;0.5544323466224976;0.014720678189462887;0.3526637504121423;0.027587213615341298;0.4301480666203066;0.018062870759080207;0.5774469339871864;0.00986415490968995;0.5585119534683455;0.0068202477450426836;3.3299171209335325;0.7528191514656314
SVDD_linear_0.2_auto_;0.5544197753989163;0.014593086237678009;0.35269463367341475;0.02758912363627335;0.430169189176298;0.018052094653531452;0.5774471143748356;0.009855242811477781;0.5585119513287465;0.00676462888033978;2.8572271823883058;0.1835996643779842
SVDD_linear_0.3_auto_;0.554534770923851;0.014587825955261105;0.3527872739224183;0.027647316069466445;0.43027198331690675;0.01811287708543986;0.5774427271230117;0.009861664262363946;0.558585091377562;0.006770238463535707;3.019760537147522;0.21069775195044638
SVDD_linear_0.4_auto_;0.5542410374003875;0.014548852056616548;0.35241668432196327;0.027718005431256017;0.429904793548768;0.018214549372369583;0.5774024798983183;0.009794448134998983;0.5583949259668824;0.006779562338567855;3.021032190322876;0.16803948180501954
SVDD_linear_0.5_auto_;0.5544932589247229;0.015525185910634814;0.3488961355591148;0.02826042079359957;0.4272940273031578;0.01890023884408295;0.5771442105876533;0.009780796981834584;0.5581754865640465;0.007212250124625232;3.28123676776886;0.2782218013066059
SVDD_linear_0.6_auto_;0.5570934457436592;0.017028830953037435;0.33623474215289606;0.02990719303115531;0.41818242702271535;0.02067461876489698;0.5765006692057426;0.009831950361936485;0.5582339831979867;0.007463022413492411;4.370395493507385;0.76033856620531
SVDD_linear_0.7_auto_;0.5626502889743726;0.01498580301189376;0.30365516126134906;0.03401880482749913;0.39287050349157016;0.026205974929979833;0.5757524543194027;0.010136771929422342;0.5576195952341034;0.005275610538350162;6.099658465385437;1.1579762060207752
SVDD_linear_0.8_auto_;0.5749754402657897;0.020673252295454837;0.2464319297261354;0.040875249673182346;0.3423010708620934;0.036880120395421066;0.5745910501536846;0.01047836245329733;0.5555862381169886;0.005511545705948569;7.5313746452331545;1.6575746487478904
SVDD_linear_0.9_auto_;0.5831498163002924;0.02732738382268874;0.15737067789282905;0.043780577681427416;0.24383168120858256;0.05138610698702108;0.5717826233638811;0.011337653038548745;0.5460781451697313;0.004482809811741522;5.223474049568177;0.7043994238436195
SVDD_sigmoid_0.0001_scale_;0.3;0.45825756949558394;9.26497838171711e-05;0.00014152488248782706;0.0001852423587527015;0.00028296237696547337;0.55684090846548;0.026275900073176532;0.5263596765885004;8.242205765873475e-05;0.43917293548583985;0.06749477186328169
SVDD_sigmoid_0.0005_scale_;0.5703450606600801;0.020491282953054607;0.19875115871822358;0.03649959147283989;0.2923025909708504;0.040719080820922016;0.574196768999321;0.01051179336990367;0.5486820669860488;0.004746982527054552;1.398367953300476;0.06129489484353043
SVDD_sigmoid_0.001_scale_;0.5453126411105422;0.011776899363263543;0.4092701367158783;0.022746102444236183;0.46702948956687357;0.013315083125446256;0.5783896615674345;0.00817847200406689;0.5581318173504868;0.006761130170994324;1.9541160583496093;0.13285847431899758
SVDD_sigmoid_0.005_scale_;0.5370354611665871;0.010747595863659132;0.4820877275316408;0.026377079227159726;0.5075012639088743;0.012470842740540423;0.577430715422943;0.009290763770558949;0.5573858183790348;0.007627864619195679;2.7116026639938355;0.2182664890182626
SVDD_sigmoid_0.01_scale_;0.5367202944353793;0.01021133358306825;0.48387884226767613;0.0271571312784835;0.5083451278262452;0.013071204462624853;0.5775543011586104;0.009383085447735414;0.5572834064776615;0.007295054444285017;2.8415152072906493;0.2625561549356385
SVDD_sigmoid_0.05_scale_;0.5363660977526022;0.010068497879064178;0.48356996198088414;0.026941746670076722;0.508008011324846;0.012619520338719563;0.5776059378374085;0.009317048774985274;0.5569615787090396;0.007042019788013671;3.207462453842163;0.5506626281312436
SVDD_sigmoid_0.1_scale_;0.5366673310006516;0.010164126249216482;0.4839714253077981;0.026769718009258713;0.5083701160241014;0.012524659253059943;0.5776694027731398;0.009309833061392844;0.5572248798893366;0.007124510869224215;2.7424312114715574;0.23325417599657192
SVDD_sigmoid_0.2_scale_;0.5365867600798185;0.01008598737076123;0.4838170090014362;0.026877769987651446;0.5082450625687198;0.012565389297280365;0.5776673649598095;0.00930210823307094;0.5571517398405212;0.007040441190552046;4.181402564048767;0.8874262243037931
SVDD_sigmoid_0.3_scale_;0.5366014900440244;0.010216469933469098;0.48397144437742534;0.026676985340696242;0.5083400446531605;0.012409932976738692;0.5776374980492468;0.009295196105797756;0.5571663725574018;0.007136099636707694;5.36183648109436;1.2149028451957173
SVDD_sigmoid_0.4_scale_;0.5369000120751812;0.010018832268991501;0.482427348057501;0.027245622404884415;0.5076213446677244;0.013169895908953316;0.5774847741060494;0.00913239020358443;0.5573419073907994;0.0070971966389209405;5.798897409439087;1.3648570003499152
SVDD_sigmoid_0.5_scale_;0.5377041642645431;0.010304808572264536;0.47075396157203137;0.029017602130039028;0.501335057116463;0.014550816411899243;0.5770262816464864;0.009272917183402762;0.5571809646219034;0.007081941124105329;4.756412100791931;1.4099230643863578
SVDD_sigmoid_0.6_scale_;0.5393884695807126;0.01062985025529232;0.4417255075905698;0.032571344484014206;0.484766892872664;0.016956419389303302;0.576199827251777;0.009468283852931731;0.5563471158591948;0.006347598978159243;2.8198009967803954;0.17448085443776098
SVDD_sigmoid_0.7_scale_;0.5470473693567153;0.015149302000080385;0.3896594565041826;0.03815934137552547;0.4535608170585458;0.022192532249735917;0.5757038531696225;0.009745345735415837;0.5571368910241516;0.007451222160239218;2.8799530506134032;0.1784533810495591
SVDD_sigmoid_0.8_scale_;0.561069167477674;0.018268441034485643;0.30736052331633784;0.049698857551861486;0.39401764034936526;0.037749562047754245;0.5741736335386383;0.010586947330679409;0.5567272305810645;0.005958882390749206;3.091066598892212;0.22210678781702217
SVDD_sigmoid_0.9_scale_;0.5778485044756658;0.026729725309864824;0.1992767653182978;0.05344530302785042;0.2911570163978402;0.05531066170510912;0.5718348881690635;0.011875564104785812;0.5498229032594051;0.005267700180902531;3.3364307165145872;0.2082425294128855
SVDD_sigmoid_0.0001_auto_;0.0;0.0;0.0;0.0;0.0;0.0;0.5375044753348984;0.033619077222968634;0.5263157912754517;3.079310737632568e-05;0.15172343254089354;0.010389163563498312
SVDD_sigmoid_0.0005_auto_;0.0;0.0;0.0;0.0;0.0;0.0;0.5375039960939133;0.03361906595828695;0.5263157912754517;3.079310737632568e-05;0.17622098922729493;0.009980974321378542
SVDD_sigmoid_0.001_auto_;0.0;0.0;0.0;0.0;0.0;0.0;0.5375039960939133;0.03361906595828695;0.5263157912754517;3.079310737632568e-05;0.16360728740692138;0.014934472037323196
SVDD_sigmoid_0.005_auto_;0.0;0.0;0.0;0.0;0.0;0.0;0.537547085568897;0.033660624786995524;0.5263157912754517;3.079310737632568e-05;0.14793999195098878;0.006001256065501435
SVDD_sigmoid_0.01_auto_;0.5640511796118375;0.09467291496804667;0.054537026637027385;0.0437349613997148;0.09334561610935235;0.06529126534977117;0.5399019146028576;0.033259602711786254;0.528554040662478;0.006744059967707715;0.17089605331420898;0.008939966007254612
SVDD_sigmoid_0.05_auto_;0.76248692694613;0.15641213002699614;0.005712459388845145;0.007842512194247158;0.011128158050358775;0.01497314043837438;0.5505004375846618;0.03521956345032644;0.5275883904678986;0.0012307727889185524;0.282458233833313;0.01854178845644747
SVDD_sigmoid_0.1_auto_;0.5;0.5;0.00015440677154834504;0.00015440677390349226;0.000308718206731997;0.0003087182114379309;0.5636726766765794;0.03210648277484937;0.5263889313242671;7.935959789981574e-05;0.5996548414230347;0.17097819879513224
SVDD_sigmoid_0.2_auto_;0.5959858675418925;0.09458289701432943;0.11045826983942039;0.10807736054855804;0.16153808982702422;0.13310599159256917;0.5660005512655042;0.030033504850304527;0.5353851830037452;0.009243189072285583;1.2356316328048706;0.14614755995973705
SVDD_sigmoid_0.3_auto_;0.5275555851781536;0.04091501404407162;0.4612449587056758;0.2858365786412947;0.42750478887347737;0.20177548949061086;0.5637501948596043;0.025080951197492304;0.5369062645145041;0.012019473650158761;1.738542366027832;0.2522665224021632
SVDD_sigmoid_0.4_auto_;0.521750687849985;0.02875881575394335;0.5254304825321261;0.21695433564346633;0.492797032707142;0.12287265821523273;0.5667386416479114;0.020920266499392937;0.5377107729574897;0.01439455020582519;2.270005130767822;0.40511134017763945
SVDD_sigmoid_0.5_auto_;0.546281541842233;0.023612664293696184;0.32011952460944926;0.07176437601520722;0.3976326151508099;0.05379174739618014;0.5658281990392868;0.018588064373724605;0.549793633546446;0.010802030872981233;3.171124243736267;0.5538478672867175
SVDD_sigmoid_0.6_auto_;0.5419434436322019;0.03997066274343363;0.4049277251593792;0.22599751160057813;0.41894749256795627;0.15068961994421598;0.5681024230751434;0.012209572420894257;0.5438694500623179;0.008667172845741132;4.409282803535461;0.8151304586443108
SVDD_sigmoid_0.7_auto_;0.5434001516620011;0.02527481209180188;0.3645896664359877;0.19412788015936389;0.3983062910588556;0.15572450753650807;0.5694389389979585;0.009776774162239307;0.5459467802160362;0.010636656682955943;6.584145855903626;1.031396400386036
SVDD_sigmoid_0.8_auto_;0.523699061962873;0.028214657407469354;0.5412421878888416;0.23401408579102131;0.4905170980786959;0.15847897601493413;0.5666100394634233;0.009703687220901716;0.5379010132541304;0.011180861492342547;6.702700138092041;1.6850301679034767
SVDD_sigmoid_0.9_auto_;0.5132589558467904;0.0287559829608052;0.6334751859336326;0.2523527997421192;0.5356983746412677;0.10078062260311663;0.5658423408373856;0.008086168347907761;0.5277636150594556;0.02342588501357564;6.696337413787842;1.6374667923674995
SVDD_poly_2_0.0001_scale_;0.0;0.0;0.0;0.0;0.0;0.0;0.5520930685504987;0.02053478434112673;0.5263157912754517;3.079310737632568e-05;0.8078137874603272;0.1239086196976485
SVDD_poly_2_0.0005_scale_;0.0;0.0;0.0;0.0;0.0;0.0;0.570211362100288;0.0100297910338366;0.5263157912754517;3.079310737632568e-05;2.784936785697937;0.5699667898561941
SVDD_poly_2_0.001_scale_;0.0;0.0;0.0;0.0;0.0;0.0;0.5716185365675958;0.00967510765714476;0.5263157912754517;3.079310737632568e-05;3.247751259803772;0.26502450857034565
SVDD_poly_2_0.005_scale_;0.0;0.0;0.0;0.0;0.0;0.0;0.5696920936973331;0.009566918780175642;0.5263157912754517;3.079310737632568e-05;3.174671196937561;0.20760302769551783
SVDD_poly_2_0.01_scale_;0.0;0.0;0.0;0.0;0.0;0.0;0.56888562649797;0.009851007625680787;0.5263157912754517;3.079310737632568e-05;3.2409090757369996;0.19574774258119526
SVDD_poly_2_0.05_scale_;0.0;0.0;0.0;0.0;0.0;0.0;0.5688100677270913;0.009742372067449614;0.5263157912754517;3.079310737632568e-05;3.2767029762268067;0.27850761769662274
SVDD_poly_2_0.1_scale_;0.0;0.0;0.0;0.0;0.0;0.0;0.5687451576973418;0.009744948728938272;0.5263157912754517;3.079310737632568e-05;3.403999352455139;0.5515190631161077
SVDD_poly_2_0.2_scale_;0.0;0.0;0.0;0.0;0.0;0.0;0.5687196069276557;0.009733966159021095;0.5263157912754517;3.079310737632568e-05;5.375896406173706;0.9573185966596194
SVDD_poly_2_0.3_scale_;0.0;0.0;0.0;0.0;0.0;0.0;0.5687272279176094;0.009730381629179462;0.5263157912754517;3.079310737632568e-05;5.687043952941894;1.119136665590311
SVDD_poly_2_0.4_scale_;0.0;0.0;0.0;0.0;0.0;0.0;0.5687303435756322;0.009732389393712541;0.5263157912754517;3.079310737632568e-05;3.551832365989685;0.5894605329084238
SVDD_poly_2_0.5_scale_;0.0;0.0;0.0;0.0;0.0;0.0;0.5687270989935732;0.009731581053910556;0.5263157912754517;3.079310737632568e-05;3.196098208427429;0.2309431866690878
SVDD_poly_2_0.6_scale_;0.0;0.0;0.0;0.0;0.0;0.0;0.5687311849023566;0.009733880449981174;0.5263157912754517;3.079310737632568e-05;3.2994290590286255;0.2737411744621816
SVDD_poly_2_0.7_scale_;0.0;0.0;0.0;0.0;0.0;0.0;0.5687340858574714;0.009728045570050806;0.5263157912754517;3.079310737632568e-05;3.240846133232117;0.32180359366921607
SVDD_poly_2_0.8_scale_;0.0;0.0;0.0;0.0;0.0;0.0;0.5687323521856148;0.00973119484452682;0.5263157912754517;3.079310737632568e-05;3.1972529888153076;0.23197064204266343
SVDD_poly_2_0.9_scale_;0.0;0.0;0.0;0.0;0.0;0.0;0.5686885260270285;0.00971892316718179;0.5263157912754517;3.079310737632568e-05;4.610178303718567;1.1481844833632315
SVDD_poly_2_0.0001_auto_;0.0;0.0;0.0;0.0;0.0;0.0;0.537508167971046;0.03361494480253281;0.5263157912754517;3.079310737632568e-05;0.3178319692611694;0.0973467826559152
SVDD_poly_2_0.0005_auto_;0.0;0.0;0.0;0.0;0.0;0.0;0.5375089448900778;0.033617502013125196;0.5263157912754517;3.079310737632568e-05;0.22768688201904297;0.06803705849619576
SVDD_poly_2_0.001_auto_;0.0;0.0;0.0;0.0;0.0;0.0;0.5375089448900778;0.033617502013125196;0.5263157912754517;3.079310737632568e-05;0.15444536209106446;0.013910275417694198
SVDD_poly_2_0.005_auto_;0.0;0.0;0.0;0.0;0.0;0.0;0.5375133610762715;0.03362397605353855;0.5263157912754517;3.079310737632568e-05;0.1989217758178711;0.03874282666322892
SVDD_poly_2_0.01_auto_;0.5409356725146199;0.3948667752365324;0.000895595507272107;0.0011674571771923153;0.0017836971956255328;0.002320891285468502;0.5399277748074558;0.033553809057180764;0.5264620735126814;0.0002677273516050303;0.31157841682434084;0.12623727306900037
SVDD_poly_2_0.05_auto_;0.5;0.5;0.0001852900328207354;0.00020485063209353197;0.0003704275439378867;0.000409494335481214;0.5427497237742503;0.03375524021695466;0.52640355976195;0.00010399180747008072;0.4272825479507446;0.1476157635328226
SVDD_poly_2_0.1_auto_;0.0;0.0;0.0;0.0;0.0;0.0;0.553351750981582;0.03126699403566702;0.5263157912754517;3.079310737632568e-05;0.8195711612701416;0.29328287358272237
SVDD_poly_2_0.2_auto_;0.5;0.5;0.00021617329409312578;0.00024120232058858296;0.00043213688114377634;0.0004821288239798432;0.559858651562201;0.029730674931256335;0.5264181881996327;0.0001220764673673273;1.0472479104995727;0.14672131003564298
SVDD_poly_2_0.3_auto_;0.8218049372723595;0.20872863903156133;0.00710117638623318;0.018023415620218527;0.012995899240313417;0.03244671559411876;0.5577123738227175;0.023670230564063907;0.5272226624090359;0.00178884847156605;1.4846992254257203;0.31510061872906153
SVDD_poly_2_0.4_auto_;0.49381004285469776;0.258839029914047;0.02730080296479308;0.018841928069116855;0.05116284355078966;0.034511334811597294;0.5619728529113959;0.020466483693708456;0.5305872950788455;0.0037517050795479205;1.8448843717575074;0.35019781514951165
SVDD_poly_2_0.5_auto_;0.8583333333333332;0.18276426832884424;0.0008338289847273263;0.0006485639249751467;0.0016645952492996767;0.001292148037984401;0.5605856072539388;0.01877937379240423;0.526593729451827;0.00019783857137585625;1.7077455997467041;0.21031180601920246
SVDD_poly_2_3_0.6_auto_;0.21385863292746263;0.3452725283136754;0.018586011932628533;0.036946640697486356;0.03199007294497482;0.06352145368051904;0.5655134624079668;0.012322580756028517;0.5284512372145059;0.004386680193197725;1.9359178781509399;0.12531039562901933
SVDD_poly_2_0.7_auto_;0.5454545454545455;0.40637482189201707;0.0011117974058060531;0.0010979857217190351;0.0022158119448645102;0.00218501042335139;0.5673075038441737;0.007610779595413788;0.526579103153743;0.00041846573228823995;2.2188673496246336;0.15853541237713162
SVDD_poly_2_0.8_auto_;0.6330113172020894;0.16373186811437107;0.02408892472283727;0.018884323885294044;0.04537552246050972;0.03501339315093901;0.5660308636384246;0.007701422818891207;0.5306165519542112;0.0044425026313895865;2.5492427110672;0.17531706421026105
SVDD_poly_2_0.9_auto_;0.5412765769548208;0.022740597794487446;0.17655758331377105;0.11441300947821403;0.2445592135027172;0.12413112837684022;0.5641938616578951;0.008786876046878883;0.5357802856159131;0.0063665560546885816;2.8574055671691894;0.18666266174850016
SVDD_poly_3_0.0001_scale_;0.0;0.0;0.0;0.0;0.0;0.0;0.5383099833235325;0.017225238792847136;0.5263157912754517;3.079310737632568e-05;0.5723758697509765;0.04186377182526508
SVDD_poly_3_0.0005_scale_;0.0;0.0;0.0;0.0;0.0;0.0;0.5700827187873099;0.00873616167813831;0.5263157912754517;3.079310737632568e-05;1.8987827539443969;0.1113366659438052
SVDD_poly_3_0.001_scale_;0.1;0.30000000000000004;6.176652254478074e-05;0.00018529956763434222;0.00012345679012345682;0.00037037037037037046;0.5698320441544351;0.010933262314464225;0.5263450481508174;9.77384692534095e-05;3.4744717836380006;0.43819149474659114
SVDD_poly_3_0.005_scale_;0.0;0.0;0.0;0.0;0.0;0.0;0.5683161877926385;0.011285069433144147;0.5263157912754517;3.079310737632568e-05;5.910291767120361;0.6874997834641039
SVDD_poly_3_0.01_scale_;0.0;0.0;0.0;0.0;0.0;0.0;0.5673828635711808;0.011167551416981633;0.5263157912754517;3.079310737632568e-05;5.790758156776429;1.0297774001057614
SVDD_poly_3_0.05_scale_;0.0;0.0;0.0;0.0;0.0;0.0;0.5672766701437918;0.011151855099246011;0.5263157912754517;3.079310737632568e-05;5.846759986877442;0.7404425120473604
SVDD_poly_3_0.1_scale_;0.0;0.0;0.0;0.0;0.0;0.0;0.567277482171767;0.01118220921408128;0.5263157912754517;3.079310737632568e-05;3.9508346557617187;1.0858537026328707
SVDD_poly_3_0.2_scale_;0.0;0.0;0.0;0.0;0.0;0.0;0.5672421454343818;0.011187800447084976;0.5263157912754517;3.079310737632568e-05;3.2336203813552857;0.28073782687811294
SVDD_poly_3_0.3_scale_;0.0;0.0;0.0;0.0;0.0;0.0;0.5672446420900793;0.011190408557419339;0.5263157912754517;3.079310737632568e-05;3.201233649253845;0.2474036217049106
SVDD_poly_3_0.4_scale_;0.0;0.0;0.0;0.0;0.0;0.0;0.5672361281004357;0.011188927991459758;0.5263157912754517;3.079310737632568e-05;3.17367308139801;0.22007153639292523
SVDD_poly_3_0.5_scale_;0.0;0.0;0.0;0.0;0.0;0.0;0.5672386176725988;0.011191942279397198;0.5263157912754517;3.079310737632568e-05;3.319443440437317;0.3397107166068714
SVDD_poly_3_0.6_scale_;0.0;0.0;0.0;0.0;0.0;0.0;0.5672368916089827;0.011191647348969712;0.5263157912754517;3.079310737632568e-05;4.434433364868164;1.3920378102959892
SVDD_poly_3_0.7_scale_;0.0;0.0;0.0;0.0;0.0;0.0;0.5672383253635157;0.011188421656784171;0.5263157912754517;3.079310737632568e-05;5.368042540550232;0.7814916450105014
SVDD_poly_3_0.8_scale_;0.0;0.0;0.0;0.0;0.0;0.0;0.56723875458913;0.011188384016424512;0.5263157912754517;3.079310737632568e-05;4.780529308319092;1.81176989974417
SVDD_poly_3_0.9_scale_;0.0;0.0;0.0;0.0;0.0;0.0;0.5672373811175152;0.011188764257126074;0.5263157912754517;3.079310737632568e-05;3.210006070137024;0.24377540146238272
SVDD_poly_3_0.0001_auto_;0.0;0.0;0.0;0.0;0.0;0.0;0.5375118031796842;0.03362084433560883;0.5263157912754517;3.079310737632568e-05;0.14705984592437743;0.0069551220061764745
SVDD_poly_3_0.0005_auto_;0.0;0.0;0.0;0.0;0.0;0.0;0.5375104384107731;0.03361589332842682;0.5263157912754517;3.079310737632568e-05;0.14629440307617186;0.005975321051842682
SVDD_poly_3_0.001_auto_;0.0;0.0;0.0;0.0;0.0;0.0;0.5375104384107731;0.03361589332842682;0.5263157912754517;3.079310737632568e-05;0.14058206081390381;0.00479481408316089
SVDD_poly_3_0.005_auto_;0.0;0.0;0.0;0.0;0.0;0.0;0.5375102839086321;0.03361781143984549;0.5263157912754517;3.079310737632568e-05;0.14355165958404542;0.007107787462879775
SVDD_poly_3_0.01_auto_;0.38;0.46861498055439926;0.00021618282890673257;0.0003667184091117331;0.0004319275268069722;0.0007323638243525315;0.5391383463968589;0.03416860249369436;0.5264035619015488;0.0001470585109921967;0.17039685249328612;0.008907117799767114
SVDD_poly_3_0.05_auto_;0.3;0.45825756949558394;0.00012353304508956148;0.00020485637988606548;0.00024695169595859113;0.0004094943332638336;0.5395842496680971;0.03272204157438778;0.5263743050261831;0.00011029799630528172;0.2721146821975708;0.015909474826276315
SVDD_poly_3_0.1_auto_;0.0;0.0;0.0;0.0;0.0;0.0;0.5483718961302053;0.03085483696735117;0.5263157912754517;3.079310737632568e-05;0.41415958404541015;0.022102391095299337
SVDD_poly_3_0.2_auto_;0.3;0.45825756949558394;9.26497838171711e-05;0.00014152488248782706;0.0001852423587527015;0.00028296237696547337;0.5561125579945484;0.028918392126670727;0.5263596765885004;8.242205765873475e-05;0.7147806882858276;0.041103577942166084
SVDD_poly_3_0.3_auto_;0.4738636363636363;0.45026536023560504;0.00040141565284582717;0.00041537910719628067;0.0008013482885032176;0.00082843413498024;0.5538304221807735;0.022517433451648007;0.526330430411129;0.00024830276109649084;1.0979331731796265;0.13156785399207324
SVDD_poly_3_0.4_auto_;0.6471428571428571;0.372638140390204;0.001080914144533663;0.0007596277872914666;0.0021579063285330534;0.0015158899545042912;0.5583646576958947;0.019166480542715827;0.5267253875305716;0.0004135921566725416;1.5293378591537476;0.11013764784185809
SVDD_poly_3_0.5_auto_;0.4;0.48989794855663565;0.00021618282890673257;0.00031037293456210284;0.00043207974285769634;0.0006202433251642585;0.5569153836318226;0.017880214007652752;0.5264181903392317;0.00016035744735201898;1.9206810235977172;0.12389158739880367
SVDD_poly_3_3_0.6_auto_;0.26666666666666666;0.4163331998932266;0.00027789214256987254;0.0004463778428662982;0.0005550798727209022;0.0008914694912607375;0.5639147486007282;0.01210064377810932;0.5264181817808362;0.00014485521396296035;1.953001117706299;0.1118970888266143
SVDD_poly_3_0.7_auto_;0.3;0.45825756949558394;0.00015441630636195183;0.00028472960028699465;0.0003086229527342396;0.0005689734346773281;0.5666195637802549;0.0076206963544849255;0.526388933463866;0.00014625232234726225;2.2105263233184815;0.15692351027718013
SVDD_poly_3_0.8_auto_;0.5666666666666667;0.47258156262526085;0.00033971587399629405;0.0003224307136785223;0.00067895523091389;0.0006443229169317583;0.565979767510417;0.008430533876505573;0.5264620756522802;0.00016386544751460346;3.0303070306777955;0.8435204553856227
SVDD_poly_3_0.9_auto_;0.6703431190387713;0.2568572375535189;0.005929567094671735;0.005645491619420899;0.01163488015757776;0.010940952971652948;0.5650428224209669;0.011196070265883661;0.5274860662900801;0.0008841225625683644;4.468588352203369;0.39929824354327403
SVDD_poly_4_0.0001_scale_;0.0;0.0;0.0;0.0;0.0;0.0;0.5401319155881321;0.021293401219878976;0.5263157912754517;3.079310737632568e-05;0.9037920951843261;0.29834790808328915
SVDD_poly_4_0.0005_scale_;0.0;0.0;0.0;0.0;0.0;0.0;0.5669720521969355;0.013336230787746721;0.5263157912754517;3.079310737632568e-05;3.196420669555664;0.6620790335827851
SVDD_poly_4_0.001_scale_;0.1;0.30000000000000004;6.176652254478074e-05;0.00018529956763434222;0.00012345679012345682;0.00037037037037037046;0.5680079475335224;0.011498668745820506;0.5263450481508174;9.77384692534095e-05;3.3256871461868287;0.38857237686452367
SVDD_poly_4_0.005_scale_;0.0;0.0;0.0;0.0;0.0;0.0;0.5667531371112741;0.011614362758967675;0.5263157912754517;3.079310737632568e-05;3.2630747079849245;0.23720915992296332
SVDD_poly_4_0.01_scale_;0.0;0.0;0.0;0.0;0.0;0.0;0.5664079063122176;0.011648540532755923;0.5263157912754517;3.079310737632568e-05;3.1581277370452883;0.20470252327634872
SVDD_poly_4_0.05_scale_;0.0;0.0;0.0;0.0;0.0;0.0;0.5663079168578488;0.011682050443012942;0.5263157912754517;3.079310737632568e-05;3.2358394384384157;0.19467591611511043
SVDD_poly_4_0.1_scale_;0.0;0.0;0.0;0.0;0.0;0.0;0.5662493269175528;0.011726331304306658;0.5263157912754517;3.079310737632568e-05;3.49243586063385;0.2953965543336391
SVDD_poly_4_0.2_scale_;0.0;0.0;0.0;0.0;0.0;0.0;0.5662291553595098;0.011719187008876867;0.5263157912754517;3.079310737632568e-05;5.342880392074585;1.3823536897875357
SVDD_poly_4_0.3_scale_;0.0;0.0;0.0;0.0;0.0;0.0;0.5662281413434778;0.01171247703256713;0.5263157912754517;3.079310737632568e-05;5.91675717830658;1.1032844186734545
SVDD_poly_4_0.4_scale_;0.0;0.0;0.0;0.0;0.0;0.0;0.5662210792239829;0.011715558230560068;0.5263157912754517;3.079310737632568e-05;6.052422189712525;0.9142068263640509
SVDD_poly_4_0.5_scale_;0.0;0.0;0.0;0.0;0.0;0.0;0.5662252760948886;0.011715295010451115;0.5263157912754517;3.079310737632568e-05;4.568284225463867;1.2841281665065385
SVDD_poly_4_0.6_scale_;0.0;0.0;0.0;0.0;0.0;0.0;0.5662272329338542;0.011716371970974674;0.5263157912754517;3.079310737632568e-05;3.1592687368392944;0.21020655287905474
SVDD_poly_4_0.7_scale_;0.0;0.0;0.0;0.0;0.0;0.0;0.5662250955932878;0.011715412738393207;0.5263157912754517;3.079310737632568e-05;3.42349226474762;0.25732289247511086
SVDD_poly_4_0.8_scale_;0.0;0.0;0.0;0.0;0.0;0.0;0.5662274732758179;0.011715688774074792;0.5263157912754517;3.079310737632568e-05;3.231755495071411;0.2200354362293166
SVDD_poly_4_0.9_scale_;0.0;0.0;0.0;0.0;0.0;0.0;0.5662239970995494;0.01171660826550342;0.5263157912754517;3.079310737632568e-05;3.176653742790222;0.23200714890043542
SVDD_poly_4_0.0001_auto_;0.0;0.0;0.0;0.0;0.0;0.0;0.5375102624500016;0.033618711362280805;0.5263157912754517;3.079310737632568e-05;0.1391301393508911;0.005590701208342335
SVDD_poly_4_0.0005_auto_;0.0;0.0;0.0;0.0;0.0;0.0;0.5375102195327401;0.03361798294407743;0.5263157912754517;3.079310737632568e-05;0.1398693799972534;0.005676278398886046
SVDD_poly_4_0.001_auto_;0.0;0.0;0.0;0.0;0.0;0.0;0.5375102195327401;0.03361798294407743;0.5263157912754517;3.079310737632568e-05;0.1423313856124878;0.0060145599882547715
SVDD_poly_4_0.005_auto_;0.0;0.0;0.0;0.0;0.0;0.0;0.5375102195327401;0.03361798294407743;0.5263157912754517;3.079310737632568e-05;0.13944461345672607;0.005488304289929627
SVDD_poly_4_0.01_auto_;0.2;0.4000000000000001;9.26497838171711e-05;0.000197749358784214;0.00018520424304102398;0.00039527542050264865;0.5383985325558169;0.034627541837022;0.5263596765885004;0.00010522936552845343;0.16243817806243896;0.008211035572392356
SVDD_poly_4_0.05_auto_;0.3;0.45825756949558394;9.26497838171711e-05;0.00014152488248782706;0.0001852423587527015;0.00028296237696547337;0.5381500338201428;0.03222678288986303;0.5263596765885004;8.242205765873475e-05;0.2720545053482056;0.01767983167580419
SVDD_poly_4_0.1_auto_;0.0;0.0;0.0;0.0;0.0;0.0;0.5459528730785262;0.030601186801800722;0.5263157912754517;3.079310737632568e-05;0.412438178062439;0.023763960991307655
SVDD_poly_4_0.2_auto_;0.1;0.30000000000000004;3.088326127239037e-05;9.264978381717111e-05;6.174745291756716e-05;0.0001852423587527015;0.5539002353757939;0.028370168078110443;0.5263304197131345;5.765926825390104e-05;0.774806809425354;0.11131959038668178
SVDD_poly_4_0.3_auto_;0.5;0.5;0.00015440677154834504;0.00015440677390349226;0.000308718206731997;0.0003087182114379309;0.5514949910175373;0.02193251386942905;0.5263889313242671;7.935959789981574e-05;1.6113661527633667;0.394313719487312
SVDD_poly_4_0.4_auto_;0.7;0.45825756949558405;0.00043236565781346514;0.0003149487037426056;0.0008641594504339564;0.0006294114810756873;0.5557836336374324;0.01823653888589015;0.5265205894030116;0.00017178378810175265;2.3128748178482055;0.567912280254426
SVDD_poly_4_0.5_auto_;0.3;0.45825756949558394;0.00015441630636195183;0.00028472960028699465;0.0003086229527342396;0.0005689734346773281;0.5541597944992268;0.017363860091494623;0.526388933463866;0.00014625232234726225;2.486121916770935;0.20072916310289568
SVDD_poly_4_3_0.6_auto_;0.26666666666666666;0.4163331998932266;0.00012350444064874108;0.0002048017594670966;0.0002468564772205047;0.0004092934196403473;0.5620590118430249;0.012215119813968478;0.5263596723093025;4.783822578525821e-05;3.103277397155762;0.5060443769607456
SVDD_poly_4_0.7_auto_;0.1;0.30000000000000004;9.26497838171711e-05;0.00027794935145151334;0.0001851280468991052;0.0005553841406973156;0.5650423644451601;0.008240679455717452;0.5263596765885004;0.00014011733272929552;3.184977960586548;0.601333034409067
SVDD_poly_4_0.8_auto_;0.5;0.5;0.00021618282890673257;0.0002779493514515133;0.00043211785856937384;0.0005554349750101073;0.5647100835130007;0.009382690775639206;0.5264181903392317;0.00014640589858484006;2.5141376733779905;0.15715749980779564
SVDD_poly_4_0.9_auto_;0.9;0.3;0.0008338289847273264;0.00036672965506788654;0.0016660001943242207;0.0007324630066785961;0.5642885318416853;0.012533019116977146;0.526696128515607;0.00023250964611677306;2.81724214553833;0.20046099485757612
