;Parametros;precision-mean;precision-std;recall-mean;recall-std;f1-score-mean;f1-score-std;auc_roc-mean;auc_roc-std;accuracy-mean;accuracy-std;time-mean;time-std
0;SVDD_RBF_0.001_scale;0.2592413342395405;0.006296088519463892;0.6958120177178312;0.06577754952395706;0.3767966519872971;0.009463037064906444;0.5811751438336887;0.013064955137014202;0.4840669364062198;0.03739719243392119;0.06397733688354493;0.00524957357470308
1;SVDD_RBF_0.01_scale;0.2590247151664965;0.006462179918901425;0.7015467853517874;0.06981773441197818;0.3773440738275437;0.010951350282033695;0.5829633922039312;0.01365231731649193;0.4812716116956868;0.037886211771775286;0.06464209556579589;0.004105618279676723
2;SVDD_RBF_0.05_scale;0.2589786737320469;0.00641329074214316;0.7012859017535217;0.06954210659179091;0.3772651761544771;0.01092667476875588;0.5830805506652593;0.01355338860587614;0.4812862529822383;0.03772140377864898;0.06432223320007324;0.0030660144737561985
3;SVDD_RBF_0.1_scale;0.2589667572898863;0.006469966236180643;0.7014814264298062;0.06939377311522194;0.3772802194640272;0.010859246739632131;0.5830673829894126;0.013519659341866216;0.4811545328137901;0.03782363129293717;0.06499371528625489;0.00483720888354307
4;SVDD_RBF_0.2_scale;0.2630832386172125;0.005711604278192807;0.6842755946642658;0.06744393492030165;0.37905873924726297;0.010904654925641777;0.5870267974191716;0.012052531471561736;0.4978107195895658;0.03495120910704056;0.06466493606567382;0.003118196425583848
5;SVDD_RBF_0.3_scale;0.27456590770024897;0.006020979176574826;0.6152657037656761;0.061746649768207124;0.3787044130953916;0.011413995738732372;0.5941574018744958;0.01005814765998682;0.5478652361576328;0.028959403376658192;0.07147696018218994;0.0045936184808088405
6;SVDD_RBF_0.4_scale;0.28598174867731;0.004928479781213229;0.5275470656434604;0.0474092871749031;0.3702888089260005;0.01374792112260366;0.5986445171139385;0.008845654408083254;0.5981842748255384;0.015176181783693572;0.07799842357635497;0.003828289991015889
7;SVDD_RBF_0.5_scale;0.3048439855368667;0.010338064358932626;0.44412410975542427;0.035985643674212815;0.3606838493051257;0.011022769240378642;0.5992337715279076;0.007708148452036874;0.6469665717685663;0.018138803206015987;0.08555338382720948;0.003421093157263689
8;SVDD_RBF_0.6_scale;0.32063844692708793;0.01107783197030669;0.3736128322624209;0.04606312336430207;0.34317092283027945;0.01691154682519048;0.5992227517785477;0.0064361044801783404;0.6804679817876533;0.01903219066310419;0.09135816097259522;0.0033992825554816425
9;SVDD_RBF_0.7_scale;0.348426253114262;0.01810067841440736;0.27852859612093306;0.05330203206515022;0.3055771611705865;0.026506073344259258;0.5990147469613669;0.0055625489470279964;0.7191803360088509;0.01904921809935729;0.09873170852661133;0.005489601042873346
10;SVDD_RBF_0.8_scale;0.3801916909560724;0.02161132696759389;0.18247658927502136;0.040740821215553405;0.2430088328114125;0.028310040659688358;0.5985885365739664;0.004712338641146252;0.7481591329410826;0.013342433012920379;0.10535240173339844;0.004213663236021634
11;SVDD_RBF_0.9_scale;0.4190555218801781;0.017279115360882388;0.08608649121540415;0.032389984925962914;0.13965099763682848;0.04566416529532568;0.5982457998040107;0.00418994324337039;0.7675814282595381;0.003636104475250264;0.11099829673767088;0.003342939788154815
SVDD_RBF_0.0001_scale_;0.22631393681404868;0.12960908437646446;0.03310881687185999;0.03515005900665626;0.053947427649916814;0.0534111965460773;0.5648389475490632;0.03109666667342754;0.7649173674491233;0.011523277116510208;0.0404810905456543;0.008850674342587003
SVDD_RBF_0.0005_scale_;0.2605997332397032;0.007068691472417702;0.6632940217183577;0.07748610260872164;0.3728489904589895;0.013177288339221957;0.5797030885795643;0.014173097413991555;0.5006494604809077;0.04065875536969955;0.0787363052368164;0.015303143669932169
SVDD_RBF_0.005_scale_;0.25898907903050183;0.0064170417481933415;0.7005693743125422;0.07093177320806023;0.377137745234775;0.011141052551333313;0.5828945292512698;0.013451204639593105;0.4816082156232445;0.03815952419846756;0.07155907154083252;0.01176733305855886
SVDD_RBF_0.0001_auto_;0.0;0.0;0.0;0.0;0.0;0.0;0.563484764086503;0.025859222546726374;0.7754116397178453;5.6744357096072395e-05;0.03851189613342285;0.01923868340548064
SVDD_RBF_0.0005_auto_;0.22549137509214257;0.07760065061575397;0.45149781924584553;0.3176869328473426;0.2673116587053936;0.12695495627996348;0.5619018783282341;0.02566024013207647;0.5656182791460782;0.1594101387408248;0.05348050594329834;0.016447611153377877
SVDD_RBF_0.001_auto_;0.2502760876986807;0.01708851760593374;0.6413842586497586;0.31935988222337075;0.3230829250155903;0.08434089392716257;0.5609087862400781;0.021573853290391024;0.4665934059672529;0.1756977696332705;0.047695708274841306;0.022574093026309066
SVDD_RBF_0.005_auto_;0.23896845817220122;0.006830741270073618;0.8987340584110859;0.07196532140755028;0.37675481989362963;0.004182787135957255;0.5570509258310483;0.02443002085260113;0.33208853979053987;0.05515917879245201;0.028411293029785158;0.002806443674623778
SVDD_RBF_0.01_auto_;0.23823778123397577;0.006401759887090095;0.9092889509871787;0.05853577391826135;0.37703175118024024;0.004410920203533699;0.5570690498891266;0.02385308015352289;0.3247855860164767;0.048488937783738376;0.05262036323547363;0.012478468704377426
SVDD_RBF_0.05_auto_;0.23970456700408344;0.005909721655454869;0.8934498384076035;0.04863614119893148;0.377602401943428;0.003931075316601639;0.5601048844262093;0.019653695747910552;0.33816337130971036;0.041429506625489186;0.0542940616607666;0.025259118439556486
SVDD_RBF_0.1_auto_;0.24347389984563458;0.005690417083902098;0.858981564452221;0.04687929704303168;0.3790145394551091;0.0031633386680084133;0.5641962352185776;0.015607229482878918;0.3675658979994797;0.038846796592881955;0.055228137969970705;0.0029957717432572287
SVDD_RBF_0.2_auto_;0.25300114115062095;0.008333958909286924;0.7759606147730699;0.07254678643680255;0.38044551666204085;0.004884275024027819;0.5745163343646269;0.011374395646966927;0.4325054555125954;0.05232652460375454;0.07065203189849853;0.02689032705606376
SVDD_RBF_0.3_auto_;0.26440019878356485;0.007941294857949354;0.6821807541544747;0.07177204462739158;0.3797337759362966;0.006547229223345666;0.583908347146276;0.009853430446544334;0.5002558337226252;0.04497938362225197;0.10217866897583008;0.04084540588764085
SVDD_RBF_0.4_auto_;0.2746939285906058;0.0063506360804907016;0.5955148660757892;0.06393994990513233;0.37476051642789593;0.01149783679708595;0.5892177523106537;0.008698204149414843;0.5551105351800447;0.03175245079043667;0.11204819679260254;0.036670982000470045
SVDD_RBF_0.5_auto_;0.2865071257197377;0.008383678550087982;0.4878615444071194;0.07349291874396387;0.3588337035788097;0.017566716314440897;0.5932282765163783;0.00706968090905625;0.6110636116024624;0.03256958599535702;0.10411899089813233;0.05234219556709909
SVDD_RBF_0.6_auto_;0.30388608049181;0.011371046442974774;0.3883493368553822;0.061321119587290175;0.33787777855274237;0.020249895610001983;0.5968153425586478;0.005628277711296871;0.6611037482207678;0.027239678965325368;0.16166167259216307;0.05065794381037547
SVDD_RBF_0.7_auto_;0.32198118667756986;0.018002812715698667;0.29196369798147526;0.05667634586183163;0.3019901253276399;0.025728874361991446;0.5988488909360097;0.004433966636575373;0.7006649843146515;0.024736572128940485;0.14838094711303712;0.041313883436188824
SVDD_RBF_0.8_auto_;0.3415378309969116;0.023327982306245942;0.20268043776463146;0.04693537499499664;0.2496650564494119;0.03044595692534203;0.5994377278238573;0.0036262054940650974;0.7308883677195426;0.01975390781255584;0.14380235671997071;0.024434866652634557
SVDD_RBF_0.9_auto_;0.3755687771273172;0.01729814771611154;0.10113921577787308;0.03613585162156056;0.15547933284268142;0.04390634496466592;0.600538537972026;0.0034055415672400806;0.759721942796547;0.007750120544354184;0.1664952516555786;0.060332426527073164
SVDD_linear_0.0001_scale_;0.23809893965982373;0.007059806674289802;0.903426608173475;0.067877203972115;0.3761461918849206;0.004293203753157767;0.5572032674511952;0.024066916933046786;0.32665852252688854;0.05449009109186989;0.03754572868347168;0.0028740990793399133
SVDD_linear_0.0005_scale_;0.23745194272637962;0.005873082907936298;0.9143071062432847;0.05684111190608328;0.37651798433589645;0.0037306494174451435;0.5568725966627079;0.023922464264816437;0.3196336032499672;0.046772621114883596;0.03389415740966797;0.005426174297947256
SVDD_linear_0.001_scale_;0.23754352948968344;0.006214675101346988;0.9137204048091256;0.05494881428791835;0.3765925875079774;0.003921589992410724;0.5568157773430821;0.023831248790283772;0.3201605374763811;0.047071838745495226;0.031207776069641112;0.005776057986941422
SVDD_linear_0.005_scale_;0.23758534142579357;0.0061530787904768205;0.9144373144660232;0.055215680188645484;0.37670404333414553;0.003829452588696632;0.5571522770806299;0.023936671850265483;0.31997025644593624;0.04699096167710018;0.03893256187438965;0.0026051106393605123
SVDD_linear_0.01_scale_;0.2375917443358296;0.006132278014941505;0.9142417897897388;0.055208206189153085;0.37669716531356573;0.0038499919062597357;0.5571462773279794;0.023920219224272336;0.3201019873249086;0.046908766240697494;0.04448757171630859;0.007840376861752027
SVDD_linear_0.05_scale_;0.23929848418874444;0.005776890981439812;0.8955351659878794;0.048381838545234555;0.377292966070747;0.003826453135488616;0.5599750332252983;0.019657840596503023;0.3357630678677077;0.04108109784245574;0.04726207256317139;0.02778160721661449
SVDD_linear_0.1_scale_;0.24322012498486917;0.005603895213524475;0.8605455919887544;0.04693895050351596;0.37886143753775886;0.0030569658833950867;0.5639817950947822;0.015553075715575411;0.36601448928279245;0.0387566277933969;0.05114235877990723;0.019751037170439616
SVDD_linear_0.2_scale_;0.2527710734987276;0.008218263657001117;0.7779153094462541;0.0717747074446278;0.38044093286292846;0.004208354149863688;0.5740196665183831;0.011510521632836848;0.4310272360918274;0.05212028709510438;0.055338382720947266;0.02215749396387303
SVDD_linear_0.3_scale_;0.26389134951548837;0.007890204604941074;0.6834189638551147;0.07144844448348678;0.379409910304238;0.006236295731367423;0.5836537510086794;0.009969879044085486;0.4986312228573896;0.045053597040238424;0.06341896057128907;0.018468595963862088
SVDD_linear_0.4_scale_;0.27417680211488926;0.006389468948539048;0.5981208566732776;0.06431204515973617;0.37476501988243527;0.011000998141757885;0.5888787365547823;0.00872660794619061;0.5531347326533207;0.032626020805332265;0.06859109401702881;0.029124961572659487
SVDD_linear_0.5_scale_;0.2853593519053688;0.008450395800279339;0.4889697157587623;0.0758675779801243;0.3580754519333504;0.017681491642695914;0.5930463242165627;0.007064280019391317;0.6090438188108337;0.03392878893867143;0.07240548133850097;0.01704680031188109
SVDD_linear_0.6_scale_;0.30237399971003254;0.011112866959511641;0.38971902883182075;0.06229960228034017;0.33742707275861444;0.020235100380609494;0.5965256681748187;0.005677247768106574;0.6592741936174872;0.027667087281402315;0.06552863121032715;0.03205220621518212
SVDD_linear_0.7_scale_;0.3214606374262389;0.018099972308764135;0.29385337348016083;0.05671643958793033;0.30275823123901335;0.025994054628892937;0.5986715327221115;0.004508534296607528;0.6998307201653635;0.02488420187604082;0.06275503635406494;0.013483728032834286
SVDD_linear_0.8_scale_;0.3401358853519413;0.02276997501229736;0.2018981691857527;0.04462090608569685;0.24903986466978462;0.02852982308491654;0.5992955374743694;0.003590732357374015;0.7306103010908283;0.01919677835960726;0.08279061317443848;0.023828491667798473
SVDD_linear_0.9_scale_;0.3733719927373279;0.016946390091901273;0.10068323218767652;0.03672491680800987;0.15456600306158802;0.044407714468444805;0.6004163096949389;0.0033869670285073335;0.7593999480239684;0.008172057231501226;0.08060979843139648;0.01939880829638803
SVDD_linear_0.0001_auto_;0.23809893965982373;0.007059806674289802;0.903426608173475;0.067877203972115;0.3761461918849206;0.004293203753157767;0.5572032674511952;0.024066916933046786;0.32665852252688854;0.05449009109186989;0.0475039005279541;0.015519401124654596
SVDD_linear_0.0005_auto_;0.23745194272637962;0.005873082907936298;0.9143071062432847;0.05684111190608328;0.37651798433589645;0.0037306494174451435;0.5568725966627079;0.023922464264816437;0.3196336032499672;0.046772621114883596;0.048790693283081055;0.014384383415604749
SVDD_linear_0.001_auto_;0.23754352948968344;0.006214675101346988;0.9137204048091256;0.05494881428791835;0.3765925875079774;0.003921589992410724;0.5568157773430821;0.023831248790283772;0.3201605374763811;0.047071838745495226;0.05511043071746826;0.03213322072784596
SVDD_linear_0.005_auto_;0.23758534142579357;0.0061530787904768205;0.9144373144660232;0.055215680188645484;0.37670404333414553;0.003829452588696632;0.5571522770806299;0.023936671850265483;0.31997025644593624;0.04699096167710018;0.04439876079559326;0.017024650793523523
SVDD_linear_0.01_auto_;0.2375917443358296;0.006132278014941505;0.9142417897897388;0.055208206189153085;0.37669716531356573;0.0038499919062597357;0.5571462773279794;0.023920219224272336;0.3201019873249086;0.046908766240697494;0.04594388008117676;0.012708206206533477
SVDD_linear_0.05_auto_;0.23929848418874444;0.005776890981439812;0.8955351659878794;0.048381838545234555;0.377292966070747;0.003826453135488616;0.5599750332252983;0.019657840596503023;0.3357630678677077;0.04108109784245574;0.03397679328918457;0.004463192103508698
SVDD_linear_0.1_auto_;0.24322012498486917;0.005603895213524475;0.8605455919887544;0.04693895050351596;0.37886143753775886;0.0030569658833950867;0.5639817950947822;0.015553075715575411;0.36601448928279245;0.0387566277933969;0.05746924877166748;0.026128201518516195
SVDD_linear_0.2_auto_;0.2527710734987276;0.008218263657001117;0.7779153094462541;0.0717747074446278;0.38044093286292846;0.004208354149863688;0.5740196665183831;0.011510521632836848;0.4310272360918274;0.05212028709510438;0.06416501998901367;0.028891816945206258
SVDD_linear_0.3_auto_;0.26389134951548837;0.007890204604941074;0.6834189638551147;0.07144844448348678;0.379409910304238;0.006236295731367423;0.5836537510086794;0.009969879044085486;0.4986312228573896;0.045053597040238424;0.04763448238372803;0.0025085265864231284
SVDD_linear_0.4_auto_;0.27417680211488926;0.006389468948539048;0.5981208566732776;0.06431204515973617;0.37476501988243527;0.011000998141757885;0.5888787365547823;0.00872660794619061;0.5531347326533207;0.032626020805332265;0.07764902114868164;0.024547456668697867
SVDD_linear_0.5_auto_;0.2853593519053688;0.008450395800279339;0.4889697157587623;0.0758675779801243;0.3580754519333504;0.017681491642695914;0.5930463242165627;0.007064280019391317;0.6090438188108337;0.03392878893867143;0.07228274345397949;0.02659937182234282
SVDD_linear_0.6_auto_;0.30237399971003254;0.011112866959511641;0.38971902883182075;0.06229960228034017;0.33742707275861444;0.020235100380609494;0.5965256681748187;0.005677247768106574;0.6592741936174872;0.027667087281402315;0.08394713401794433;0.019226439992004827
SVDD_linear_0.7_auto_;0.3214606374262389;0.018099972308764135;0.29385337348016083;0.05671643958793033;0.30275823123901335;0.025994054628892937;0.5986715327221115;0.004508534296607528;0.6998307201653635;0.02488420187604082;0.06941542625427247;0.024091900997376875
SVDD_linear_0.8_auto_;0.3401358853519413;0.02276997501229736;0.2018981691857527;0.04462090608569685;0.24903986466978462;0.02852982308491654;0.5992955374743694;0.003590732357374015;0.7306103010908283;0.01919677835960726;0.07572124004364014;0.02674451000847658
SVDD_linear_0.9_auto_;0.3733719927373279;0.016946390091901273;0.10068323218767652;0.03672491680800987;0.15456600306158802;0.044407714468444805;0.6004163096949389;0.0033869670285073335;0.7593999480239684;0.008172057231501226;0.11472787857055664;0.047235552842684936
SVDD_sigmoid_0.0001_scale_;0.21247560835625276;0.014784219773924823;0.3971825165945411;0.2552696249268407;0.25739456451194903;0.06547183701041924;0.5112722908203952;0.023223417434686387;0.5449117512786652;0.12943792534474635;0.05717785358428955;0.02181852784797218
SVDD_sigmoid_0.0005_scale_;0.2289863936192454;0.00931661574740033;0.7932828525198646;0.08047903627963605;0.35494448943608975;0.017602034403161985;0.49350790283474016;0.021772511636972636;0.3544385697457339;0.03331155518517212;0.05117497444152832;0.016114506158336893
SVDD_sigmoid_0.001_scale_;0.23128158837133733;0.006095439894990312;0.855461016099784;0.04675790031781892;0.3638842717718529;0.008752076753853826;0.49510776950629787;0.018389541398343076;0.3284004072055608;0.03182372627880006;0.048069882392883304;0.013238690727581196
SVDD_sigmoid_0.005_scale_;0.23203555727152128;0.005192642241179388;0.8713634066480089;0.04832203953828938;0.3662283952030002;0.007507576189262172;0.49543483736347166;0.018491603797651218;0.32288252722786615;0.03216100227562529;0.045418715476989745;0.010067897345839622
SVDD_sigmoid_0.01_scale_;0.23195816003734615;0.005212844174765305;0.871623610751309;0.049159280539135215;0.3661518499638405;0.0076492087958013825;0.4954244595704432;0.01834801030320375;0.32248734958568265;0.032171917191715554;0.06051771640777588;0.019166108153640175
SVDD_sigmoid_0.05_scale_;0.23153758821078166;0.004440453767567241;0.889081874896483;0.03135187802033694;0.3673359217478819;0.00720440637806123;0.4933900214160351;0.01359885094984846;0.3123163487840213;0.017045019387065017;0.051746678352355954;0.021282498116759408
SVDD_sigmoid_0.1_scale_;0.23478978507553455;0.00266286937058429;0.8512169330145369;0.03901353609467532;0.3679513465328478;0.005954053239962289;0.5005017272733483;0.007413929619301109;0.34362327522002845;0.01746187259293218;0.05622522830963135;0.0159246483191798
SVDD_sigmoid_0.2_scale_;0.23926531075349128;0.0037849016796313905;0.7595237589661484;0.06002223627361495;0.3635235382767289;0.009755706073938691;0.5081566083544269;0.007343379758070138;0.40383581571866245;0.026737812110045712;0.09595539569854736;0.026320723878927952
SVDD_sigmoid_0.3_scale_;0.23947548920089284;0.0038470015375857785;0.6814540342890146;0.04987048489731658;0.3540825043875914;0.009558466163820006;0.5127182064479651;0.006042278360211045;0.44257676918152056;0.021927399906000147;0.07862086296081543;0.03230041870140538
SVDD_sigmoid_0.4_scale_;0.23500299176223444;0.0032794402902891102;0.5868314300396231;0.04000536198132935;0.33532983068521677;0.008391117160766319;0.5156018210788915;0.004912191027414034;0.4782736952782184;0.018826320969972984;0.08938798904418946;0.03504361818832957
SVDD_sigmoid_0.5_scale_;0.22602972376302918;0.0037743752606958516;0.4899895952333429;0.04371325185609356;0.3089098872346444;0.011658300938934378;0.5171688570287235;0.00491610279828905;0.5089653620791236;0.020045112212467218;0.16607198715209961;0.05160921630514721
SVDD_sigmoid_0.6_scale_;0.22064804576883193;0.003956829899989237;0.41934551894304556;0.043216885582688984;0.2885947658271629;0.01345211150951527;0.5195734487188377;0.005011366816990063;0.5374030697561873;0.019672684540253907;0.155694317817688;0.07886450450270645
SVDD_sigmoid_0.7_scale_;0.21158820974063808;0.0055999828838087275;0.31774836602695045;0.05303641577402076;0.25269884170655793;0.021641292297512115;0.521343032620563;0.00478689347522515;0.5820428187049279;0.02494487968381211;0.13714330196380614;0.04558335913343921
SVDD_sigmoid_0.8_scale_;0.19441237295339947;0.010139401839759199;0.20592069444385458;0.05107397104126535;0.19793523233883564;0.030078466382933065;0.5232955931466565;0.005089939031885566;0.6324049758010701;0.024933153879795507;0.12254283428192139;0.03282216494503782
SVDD_sigmoid_0.9_scale_;0.17804235665131402;0.010429586968524899;0.10498150499641141;0.045927619312866354;0.12764703724414828;0.03883778565522625;0.5252882566290626;0.005993085296323466;0.6927486431051129;0.02909000090273415;0.12051379680633545;0.04203247826909474
SVDD_sigmoid_0.0001_auto_;0.0;0.0;0.0;0.0;0.0;0.0;0.5635010017861416;0.025876927329486307;0.7754116397178453;5.6744357096072395e-05;0.05946509838104248;0.02478284144869865
SVDD_sigmoid_0.0005_auto_;0.09565130119591898;0.11796510406003749;0.23220793395308936;0.32469191162607614;0.13075925162200913;0.165146177563195;0.5679566844676744;0.02538902860800677;0.6647626860589417;0.1540960070264253;0.05079221725463867;0.015363803461843852
SVDD_sigmoid_0.001_auto_;0.22356160337589853;0.07591298186348801;0.6284243361121846;0.3214518778106952;0.3148090904809867;0.11152685560654944;0.5634820784028525;0.02256421777415675;0.4754322317716303;0.17527989391721588;0.041226959228515624;0.017524379278387316
SVDD_sigmoid_0.005_auto_;0.23829549653446186;0.007291886854702149;0.8840103368171606;0.11773129381990281;0.373373080499721;0.010491352029578021;0.5567651782304119;0.0232221149703927;0.3359229631410591;0.07583317418488576;0.040691924095153806;0.014580707714106255
SVDD_sigmoid_0.01_auto_;0.2381843310663765;0.006878943310584061;0.9053157740509367;0.06923584480910225;0.376405174574082;0.004018437023288428;0.5571203150139556;0.02417022788196188;0.3260585039676923;0.05473306944236113;0.029282569885253906;0.0030668120392356515
SVDD_sigmoid_0.05_auto_;0.23952875124857295;0.006086630790027062;0.895339641311595;0.048416283577738146;0.3775440994971201;0.0038423262941585934;0.5600847428288789;0.019470267566986322;0.33653876901289415;0.042195969167552846;0.030182647705078124;0.0015005685492665997
SVDD_sigmoid_0.1_auto_;0.2432031069541834;0.005463420239555869;0.8600895234616871;0.04787237625535864;0.378788803527028;0.0028105815292939935;0.5640180620964867;0.01568773365418274;0.3661900904687988;0.0388779966801346;0.03230476379394531;0.0024461233564027993
SVDD_sigmoid_0.2_auto_;0.2528196915606094;0.00812947676487786;0.7772637587113378;0.07224985959890437;0.3804131575727816;0.004355280048746007;0.5742589419555101;0.011547001235249417;0.43148094674864473;0.052034614422231576;0.03934013843536377;0.003624769496215338
SVDD_sigmoid_0.3_auto_;0.2639659002041201;0.007804801079488838;0.6832234816472657;0.07182613638809031;0.3794538002511466;0.006433470928311222;0.5837392766098587;0.00992016915172666;0.4989092980545233;0.04490935809576951;0.05745112895965576;0.0030487659422427653
SVDD_sigmoid_0.4_auto_;0.2741117726202398;0.006305581628559456;0.5972083798716603;0.06361953046085449;0.37454586164327996;0.010793194418599552;0.5888697153308715;0.008766767685843719;0.5533689418276302;0.032329493643059246;0.06210746765136719;0.0020687367962554763
SVDD_sigmoid_0.5_auto_;0.2855568185214547;0.008711487129289881;0.488578581469323;0.07549123503637341;0.35812624590060554;0.01756817753778991;0.5931063437147527;0.007048475195190965;0.6093950811617816;0.03407195331449479;0.09904718399047852;0.03772923047488352
SVDD_sigmoid_0.6_auto_;0.3025787116410209;0.01108018536407097;0.38997961515103896;0.06237072597789136;0.33763450956624175;0.020166566762943025;0.5965711148915446;0.005672765165412843;0.6593766547759856;0.027620116927417365;0.18158302307128907;0.0595415771838898
SVDD_sigmoid_0.7_auto_;0.32141885236443873;0.018116641074839138;0.29339709261091695;0.05660840054842296;0.30247055908680737;0.025666393813945792;0.5987306724551609;0.004547157460823319;0.6998746268881797;0.024999813638545445;0.18140172958374023;0.07374640560491443
SVDD_sigmoid_0.8_auto_;0.3396230927670004;0.022550676933199048;0.201898084248882;0.04452052868291032;0.24894453273807488;0.028433089960790133;0.5993196578863409;0.0036662762521081707;0.7304493240545349;0.019081238839618365;0.20694665908813475;0.05095877796628612
SVDD_sigmoid_0.9_auto_;0.37297676103977795;0.017031182762831987;0.10048762257452148;0.036616302824031624;0.15429570512082735;0.04426814091348338;0.6004686858687449;0.003386556575423477;0.7593560455853618;0.008184039532646037;0.21083440780639648;0.07967896792457065
SVDD_poly_2_0.0001_scale_;0.2354667195131504;0.0051840570230216884;0.933464829765277;0.04446761559548306;0.3757764639068474;0.003664781957880878;0.5379882983941797;0.018482251426351935;0.30312454694482727;0.0396658269289613;0.056082653999328616;0.016738822303225938
SVDD_poly_2_0.0005_scale_;0.2354143643070131;0.005228918549217278;0.9337909448802177;0.04453645661678381;0.3757304454259211;0.0035070196736776034;0.5379311272470537;0.018520694405416798;0.3027292921868697;0.03993130840915335;0.0709529161453247;0.023320669675534787
SVDD_poly_2_0.001_scale_;0.23536584322518408;0.005127974517435197;0.933595505140804;0.04504166048531228;0.3756518738962093;0.003428273066427142;0.5379263565219439;0.01851741188274784;0.30267075060381654;0.03981582415991231;0.03923201560974121;0.0016674945788681867
SVDD_poly_2_0.005_scale_;0.23534300502046063;0.005101795688144863;0.9334652119811949;0.045186476853048135;0.37561174842877926;0.003407053781574923;0.5379254493743617;0.01851969180311162;0.30265611788568425;0.03980436126033518;0.03875522613525391;0.0011048292300773444
SVDD_poly_2_0.01_scale_;0.23533500031282711;0.005098844320948826;0.9334652119811949;0.045186476853048135;0.3756016454081485;0.0034032367897029476;0.5379252163029714;0.018519132151615273;0.3026268438810004;0.03979194182677654;0.03908586502075195;0.0008440912530629508
SVDD_poly_2_0.05_scale_;0.23806599203978296;0.004255728975573566;0.9129358854031742;0.041571552109563904;0.37739723982792317;0.002247321486734417;0.5397412514225624;0.016117745338231362;0.3233224277348082;0.03415142066880936;0.03501961231231689;0.002858267871114583
SVDD_poly_2_0.1_scale_;0.24191596931200685;0.004328725443419381;0.8678451940595153;0.04814803517946977;0.3780003385785915;0.0008867668173263642;0.5471032643700291;0.013489090092296874;0.3585208667573091;0.036208348748574065;0.039196896553039554;0.006287360807030736
SVDD_poly_2_0.2_scale_;0.2504593474691669;0.007866300840252685;0.7841662809117124;0.07411314461098074;0.37853970747330673;0.0034509575631277846;0.5595440524173932;0.01298571652112724;0.4218218940079672;0.05398753747180064;0.08473715782165528;0.03265284291689182
SVDD_poly_2_0.3_scale_;0.2571468795830734;0.007423899264348142;0.7072038782175147;0.06900486523474324;0.37597509021961156;0.00494216707706021;0.5682005159310493;0.009344212894335539;0.47332540097632003;0.04561773379569519;0.08285965919494628;0.0460846749386461
SVDD_poly_2_0.4_scale_;0.26344400305309956;0.006524466462952912;0.6075705931566363;0.07835411514905193;0.3657665452866145;0.010414584411919869;0.5734728126527772;0.007599829726990041;0.5286632199057406;0.043493334078879384;0.09527015686035156;0.025244297768802642
SVDD_poly_2_0.5_scale_;0.27128775450409803;0.0059804395875983725;0.5201807031923523;0.0566154621690053;0.3552991038498181;0.010843447438158458;0.5764509134602128;0.005911609286430204;0.5774741867798887;0.02912838919035805;0.14778192043304444;0.05310299693240069
SVDD_poly_2_0.6_scale_;0.2843627881574927;0.012587472972779115;0.3968252296480641;0.06960429461630509;0.32811438196643117;0.021556362605296857;0.5789966784857974;0.005394026078850094;0.6384907277706926;0.03350928945937323;0.08915650844573975;0.027270637188083785
SVDD_poly_2_0.7_scale_;0.2988316153774761;0.019425551632380376;0.2941127282147543;0.05138776013640012;0.2931334950174851;0.022479815034932137;0.5812696098982113;0.004627851800784949;0.684316605151128;0.027053471201096625;0.13917186260223388;0.056909153864233473
SVDD_poly_2_0.8_scale_;0.3124289255277065;0.020641590801704447;0.21466885237547192;0.04213306271019409;0.2511288008889461;0.032030422163970645;0.5823256722632675;0.0035908435141168175;0.7162672790744461;0.01749209263582584;0.1497286558151245;0.04570337895820582
SVDD_poly_2_0.9_scale_;0.33351357695526107;0.02262688336840645;0.10974574147764674;0.02714027282237529;0.16334640690485683;0.030628860652193907;0.5835078701297164;0.0031006990017565187;0.7506913150672913;0.0078102268416069;0.1005859375;0.04090757033511017
SVDD_poly_2_0.0001_auto_;0.0;0.0;0.0;0.0;0.0;0.0;0.5520693147036283;0.022790799020210726;0.7754116397178453;5.6744357096072395e-05;0.048934340476989746;0.01288528143197124
SVDD_poly_2_0.0005_auto_;0.0;0.0;0.0;0.0;0.0;0.0;0.5520693147036283;0.022790799020210726;0.7754116397178453;5.6744357096072395e-05;0.056269598007202146;0.01494617154767645
SVDD_poly_2_0.001_auto_;0.021406727828746176;0.06422018348623854;0.036505867014341595;0.10951760104302478;0.026987951807228915;0.08096385542168674;0.5459221154210278;0.0268842497385111;0.7535146842143325;0.06567197351612523;0.03637042045593262;0.0013317852653720985
SVDD_poly_2_0.005_auto_;0.16258593551194905;0.10750148138969393;0.4067413544882766;0.3415598728307332;0.22210534476046143;0.15784940971874403;0.5421874544118621;0.02206671136976984;0.5731258767635092;0.164960548825348;0.05253443717956543;0.017580964394613773
SVDD_poly_2_0.01_auto_;0.23825466741850324;0.008408895337029315;0.8153774806874792;0.20828211465206992;0.3611764222526016;0.031016088792837643;0.5419379653000049;0.019375930763563264;0.3674650155722453;0.12042996980042976;0.055027174949646;0.0168948905125608
SVDD_poly_2_0.05_auto_;0.2393307594283541;0.006853501140844046;0.8819847198569664;0.0935853503401779;0.37517981353794677;0.005794957103951294;0.539126854131767;0.015695160523937678;0.34101718619278054;0.06482157576544904;0.04905734062194824;0.013699191101662329
SVDD_poly_2_0.1_auto_;0.24239311777341105;0.004638413006068866;0.8561826397530036;0.05711734564352814;0.37733144249006595;0.0022841107467511984;0.5469593001016528;0.01413459832183391;0.3655165163137563;0.04010322368003915;0.03173551559448242;0.0038754653287171154
SVDD_poly_2_0.2_auto_;0.24942491935627875;0.008054305275356262;0.7867004998534839;0.08627741727234566;0.37721279768326293;0.0046915429748403265;0.5597087611697535;0.012866009216014282;0.4173296709624152;0.0583970152885637;0.03404736518859863;0.00486485084162751
SVDD_poly_2_0.3_auto_;0.2559689208112136;0.0060719289274628364;0.7131931591844362;0.06184226494683602;0.3758441679825731;0.0034082801863687365;0.5682644484650996;0.009085497779226159;0.4684378310623024;0.040694657482139115;0.05848824977874756;0.013961223893910595
SVDD_poly_2_0.4_auto_;0.2640314783176801;0.006930858020343188;0.5969503416585622;0.09737421838038635;0.363345064878108;0.015638548194325273;0.5732940273295138;0.007327853960451019;0.533712465182228;0.05074430572479953;0.0681288480758667;0.019066750603217924
SVDD_poly_2_0.5_auto_;0.2722490460447752;0.006530151293498504;0.49411629556332254;0.08216185024310464;0.3477933139604271;0.023355895734685488;0.576488225812273;0.0061515579515784655;0.5883923623166402;0.037462635651180805;0.07462050914764404;0.024627423093801035
SVDD_poly_2_3_0.6_auto_;0.2821451154644134;0.010887419002976845;0.4088154279331887;0.0785108693151037;0.3302273775220335;0.02305718322358834;0.579193181507218;0.005493388637618103;0.6318900951985663;0.036925627867475885;0.12196478843688965;0.06690716297429572
SVDD_poly_2_0.7_auto_;0.3019774484182546;0.02375512182584348;0.2867466205742582;0.06372064688716492;0.2888715450338655;0.02703752552284707;0.5810987493388876;0.004531375784072611;0.6876976284500312;0.03150989376467922;0.15159592628479004;0.04527156312487715
SVDD_poly_2_0.8_auto_;0.3105336195360953;0.022328554353125973;0.21382317842263737;0.04996059736630914;0.2484654407480203;0.03709747236049507;0.582367933085829;0.0037267422582087594;0.7149792314367766;0.021302377299003757;0.17198147773742675;0.0610053833940637
SVDD_poly_2_0.9_auto_;0.32888015231008527;0.021905173617332425;0.1269469017153001;0.04747953861835222;0.17843249837501507;0.047204422230558304;0.5834925831442787;0.003120236326906708;0.7456714273375762;0.011917658105075717;0.19709312915802002;0.06813358555733229
SVDD_poly_3_0.0001_scale_;0.23462484263885938;0.004564232902871217;0.9379613452301578;0.040614205144942295;0.37512038196781206;0.0031485839483501926;0.5273957528528227;0.015569724562812835;0.2978848664063467;0.03606307652497372;0.0394702672958374;0.0026203179754460703
SVDD_poly_3_0.0005_scale_;0.2345831255820922;0.004542800776888982;0.9377008013793748;0.04115430144484222;0.3750419766183314;0.0030986959695890708;0.5274089043284602;0.01557814610609981;0.29785557526482415;0.03622310312337986;0.07857766151428222;0.012580674253144304
SVDD_poly_3_0.001_scale_;0.23454770569943406;0.004486882873366338;0.937570550688201;0.0416345917604542;0.3749839875964672;0.0030484607869290677;0.5274086963309216;0.01557725024681732;0.29779702082914195;0.03623160550817751;0.05349764823913574;0.017581691205698316
SVDD_poly_3_0.005_scale_;0.23457637639032963;0.004502707709603977;0.9376357397364409;0.041612351843998543;0.37502571679702507;0.0030778140237568315;0.5274079090857283;0.01557715536270057;0.29787020584085155;0.036268868791556;0.042964386940002444;0.013495908746614882
SVDD_poly_3_0.01_scale_;0.23457637639032963;0.004502707709603977;0.9376357397364409;0.041612351843998543;0.37502571679702507;0.0030778140237568315;0.5274079336866396;0.015577307275332733;0.29787020584085155;0.036268868791556;0.04108433723449707;0.005639741877408395
SVDD_poly_3_0.05_scale_;0.2372039974465999;0.0036327753182425595;0.9194529640844442;0.039806195598116635;0.37689858250763286;0.0015393220404688952;0.5293779778856036;0.01466608974460121;0.3171167200364946;0.031702607856624064;0.05528223514556885;0.016400113100932562
SVDD_poly_3_0.1_scale_;0.24148534307594835;0.0037805215737454468;0.8750119548645469;0.04157321719603531;0.3782463600798008;0.0009804024806625352;0.5362110376855004;0.012691383356315466;0.35388154323058885;0.031786744707272586;0.0486616849899292;0.009540820544419792
SVDD_poly_3_0.2_scale_;0.2485921478321064;0.006274769393441765;0.7838392739596295;0.07460493478173047;0.37644512204879266;0.003635685800863255;0.5502535921975729;0.014350396642520807;0.41729941587371655;0.05035024282546692;0.05772254467010498;0.016706617958060922
SVDD_poly_3_0.3_scale_;0.25346261890386046;0.0063368579142896704;0.722322726133801;0.07806637241269963;0.3739529051678566;0.005910778964575437;0.557880492214969;0.011675166636741327;0.4578551948270054;0.04866603188687482;0.07125060558319092;0.03562694746523393
SVDD_poly_3_0.4_scale_;0.25674615335076034;0.0055297658130266745;0.6195560349770033;0.048297392960760376;0.3623846734475078;0.007061355623285006;0.5639258337609956;0.007330997669070279;0.5109542571506029;0.028923988129373635;0.05649333000183106;0.011059021186348921
SVDD_poly_3_0.5_scale_;0.26306511569047925;0.0063986048666660345;0.5214191677036044;0.06443906648119249;0.34806510657236533;0.012431424194724847;0.5668292089516773;0.006611590957478723;0.5632626300214794;0.034594804385430146;0.09327235221862792;0.02864305080479266
SVDD_poly_3_0.6_scale_;0.2704956034736346;0.010568843719922009;0.4168857471684171;0.05563910263577058;0.3260439150187882;0.015372046857970606;0.5686200284498116;0.005965857909093336;0.6150010294955839;0.03036888490087469;0.10746111869812011;0.0488044452662447
SVDD_poly_3_0.7_scale_;0.2781483192681604;0.01790213157231117;0.31262510139338934;0.06886069470985534;0.28964659393359915;0.02980477472920562;0.5705467188852392;0.005443600385271059;0.6611036646786792;0.03383117575879495;0.08291192054748535;0.021090379959143802
SVDD_poly_3_0.8_scale_;0.2940615420496696;0.02412180014043197;0.19980957153595588;0.041797443668931206;0.23500621060699106;0.03032502235362068;0.5719806498049278;0.0046316493984064865;0.7115106753079746;0.018139661352756298;0.12661118507385255;0.042705832771320965
SVDD_poly_3_0.9_scale_;0.3069565421905529;0.021973391689181436;0.11170255957259767;0.02503736368019772;0.162478485572903;0.026863878298563543;0.5730826518748642;0.004096867440649392;0.7438708854021897;0.007010429807572198;0.12831587791442872;0.04930243641929721
SVDD_poly_3_0.0001_auto_;0.0;0.0;0.0;0.0;0.0;0.0;0.54649203331832;0.02141934501415788;0.7754116397178453;5.6744357096072395e-05;0.08906023502349854;0.0356399477604824
SVDD_poly_3_0.0005_auto_;0.0;0.0;0.0;0.0;0.0;0.0;0.54649203331832;0.02141934501415788;0.7754116397178453;5.6744357096072395e-05;0.043801069259643555;0.013623937598675301
SVDD_poly_3_0.001_auto_;0.0;0.0;0.0;0.0;0.0;0.0;0.54649203331832;0.02141934501415788;0.7754116397178453;5.6744357096072395e-05;0.052150511741638185;0.01665390975329475
SVDD_poly_3_0.005_auto_;0.021391121985319818;0.06417336595595947;0.039895697522816166;0.1196870925684485;0.027849829351535838;0.0835494880546075;0.5405701656779273;0.025257090890282625;0.7514508668841217;0.07186342362931157;0.050003218650817874;0.012843276895553916
SVDD_poly_3_0.01_auto_;0.021391121985319818;0.06417336595595947;0.039895697522816166;0.1196870925684485;0.027849829351535838;0.0835494880546075;0.5405701656779273;0.025257090890282625;0.7514508668841217;0.07186342362931157;0.04225246906280518;0.01568501223067486
SVDD_poly_3_0.05_auto_;0.24707929344780313;0.02677049487580553;0.5665272286373154;0.28571473397909647;0.3025487910159947;0.10620414130521501;0.5331920015869118;0.017662699104546077;0.4979257784666025;0.14514626611153086;0.05459034442901611;0.013275688850406657
SVDD_poly_3_0.1_auto_;0.2440388712910079;0.017474596802950024;0.5400656986694637;0.27043132657244945;0.30460927110189234;0.08615013743420598;0.5400332899387366;0.01409206260973559;0.5130751208746915;0.13220141623456852;0.07936553955078125;0.018906957771593735
SVDD_poly_3_0.2_auto_;0.2500549193841171;0.0180270726190112;0.5138448373246585;0.20376377304887847;0.32079539993814343;0.049088663323002185;0.5521395180412302;0.014743251403991466;0.5379582776243269;0.1005997428720269;0.057621335983276366;0.01806256249157583
SVDD_poly_3_0.3_auto_;0.2540142485913217;0.02201258936764387;0.5666918787611108;0.23312839277814743;0.3315573872449999;0.047356739933473474;0.5584377037295531;0.012662478816384975;0.5165312442270275;0.12191820676067511;0.10981242656707764;0.030687528866365023
SVDD_poly_3_0.4_auto_;0.26408027548614915;0.01669865398880798;0.5066447387978885;0.23530172427738766;0.3100784329178118;0.10526226522792362;0.5638740853312643;0.008630320767385093;0.5602311511054461;0.10640582387839123;0.08273646831512452;0.04976531953598603
SVDD_poly_3_0.5_auto_;0.2685522383226887;0.02830812467652622;0.5316814952286713;0.25154499082377285;0.3172885386831259;0.09262032595783735;0.568211092182651;0.0069495285808379124;0.5478775939604297;0.12304767688094594;0.06809654235839843;0.0182056160848442
SVDD_poly_3_3_0.6_auto_;0.27943537778863636;0.03259765684646711;0.3900262454930373;0.25712721583128395;0.27624993809212117;0.10623247932589072;0.569874140126608;0.005705493838406186;0.6198615210623744;0.11743672265669022;0.07250216007232665;0.029323061923264896
SVDD_poly_3_0.7_auto_;0.28841321649097146;0.044663293499738375;0.362599110710964;0.2677382206325333;0.2583545712388492;0.11019119578878209;0.5711241332870095;0.0049908844583202334;0.6264317250353104;0.1288268389613031;0.08444831371307374;0.029527209981719347
SVDD_poly_3_0.8_auto_;0.2898623169127565;0.021935543788267658;0.2783639459971376;0.20154381282410322;0.24233080015886657;0.0963165964782062;0.5722585620834522;0.00462133942731462;0.6734398065113817;0.08923958740207215;0.11462955474853516;0.03581173723700741
SVDD_poly_3_0.9_auto_;0.30291071212742626;0.05198649891908774;0.279663480118402;0.24623419532357424;0.22295800367188182;0.11668721725408683;0.5729007422198343;0.0040267721493660235;0.6674608941625414;0.11394999769845841;0.11694650650024414;0.03341415306791025
SVDD_poly_4_0.0001_scale_;0.2343079637650181;0.004221510734536517;0.9389389686115794;0.03987383865294983;0.3748096035080942;0.00281603759330894;0.5226866548533875;0.014061129003249082;0.29627491182239657;0.03469032888400543;0.0870617151260376;0.033470048908101284
SVDD_poly_4_0.0005_scale_;0.23431182880830598;0.0041982174445651735;0.938808632983535;0.040042085848543185;0.3748037966313967;0.0028143301371199945;0.5226834809590815;0.014059480231117827;0.2963627252680287;0.034658211708525996;0.07715034484863281;0.02554545983305115
SVDD_poly_4_0.001_scale_;0.2342909423177512;0.004220508116079892;0.9386782548870553;0.040025170556347564;0.3747668302590014;0.0028842863849271043;0.5226833087126226;0.014059499777642592;0.29634809040779164;0.034661393918251134;0.06885354518890381;0.024416829209015084
SVDD_poly_4_0.005_scale_;0.2342905083005252;0.0042152472978822806;0.9386782548870553;0.040025170556347564;0.3747664485305058;0.0028800290856113285;0.5226832964642707;0.014059551242078718;0.296348086123582;0.034639347780336796;0.039401888847351074;0.01824347544531666
SVDD_poly_4_0.01_scale_;0.2342905083005252;0.0042152472978822806;0.9386782548870553;0.040025170556347564;0.3747664485305058;0.0028800290856113285;0.5226831857721936;0.014059385569678446;0.296348086123582;0.034639347780336796;0.06399192810058593;0.01762756492720578
SVDD_poly_4_0.05_scale_;0.2370267546273046;0.0036989519467834605;0.9211472847805868;0.038428165763945504;0.37682708379484864;0.0017040303143354845;0.5247343511675415;0.013639801578489883;0.3156238229133928;0.031289120716257064;0.052385568618774414;0.014897633901828257
SVDD_poly_4_0.1_scale_;0.24112837022744316;0.0038636471527934047;0.8763131877232248;0.04320763974612304;0.3779126990533977;0.0008765655937368781;0.5308930523340772;0.012178211680058764;0.35199389260206104;0.03315154033382082;0.04943978786468506;0.015172742115236039
SVDD_poly_4_0.2_scale_;0.2473008039440155;0.0051393717238854995;0.7913990801336906;0.06606551549818811;0.3761032217096645;0.003918902552025984;0.543735609374697;0.014731374395135347;0.4107717498186066;0.04358666691084789;0.07749888896942139;0.02214034766552612
SVDD_poly_4_0.3_scale_;0.25182428950128866;0.00639634741265984;0.7203016532961877;0.08876505567516753;0.37155719862823683;0.006666168362331321;0.5506944206965625;0.012976349230830611;0.45425494637711805;0.0544305234061998;0.0689396619796753;0.018407386077165938
SVDD_poly_4_0.4_scale_;0.2541619677046948;0.007137070884671507;0.621182618518786;0.06310726211359473;0.35962592817893063;0.009659497435080794;0.5568874982258527;0.009883005437742115;0.5042218272942541;0.03819330546338724;0.07963142395019532;0.026036525213686896
SVDD_poly_4_0.5_scale_;0.25679786034393437;0.007154394725645982;0.5238254717181454;0.05679628964575894;0.3434542315874747;0.012331538421954499;0.559746090347266;0.0075198992701980055;0.5516713623032733;0.03178350953902184;0.12473633289337158;0.04422778376757527
SVDD_poly_4_0.6_scale_;0.2607558881027331;0.009948719055650685;0.44406078931833914;0.07059026350031647;0.3257548928424528;0.021355609689318728;0.5620508677716153;0.006746826311273575;0.5908370951550387;0.03719321295794801;0.08751680850982665;0.02413157587125204
SVDD_poly_4_0.7_scale_;0.2671635077063898;0.01612803832280863;0.3125473416882902;0.05903661507868766;0.28510079197492655;0.025731694659508524;0.5636060362706954;0.006018939770154886;0.6518253796409559;0.028723922030229724;0.09431262016296386;0.017942704074896402
SVDD_poly_4_0.8_scale_;0.275453439143167;0.022209301748862195;0.2237906051327351;0.05692382149997022;0.24196191482123952;0.031345476654495615;0.5649959065975365;0.005344112130059041;0.6911815220494562;0.028989937459256727;0.08821687698364258;0.018443313387705034
SVDD_poly_4_0.9_scale_;0.30044670144014585;0.025618935257594254;0.11815453414249859;0.0339683454024234;0.16612073882772377;0.0327270912281494;0.5659948993132635;0.004892281478390908;0.7389092415029557;0.014895866559422417;0.10874309539794921;0.02970409497991358
SVDD_poly_4_0.0001_auto_;0.0;0.0;0.0;0.0;0.0;0.0;0.5434079858527557;0.02079451611426779;0.7754116397178453;5.6744357096072395e-05;0.036582231521606445;0.001201745133677554
SVDD_poly_4_0.0005_auto_;0.0;0.0;0.0;0.0;0.0;0.0;0.5434079858527557;0.02079451611426779;0.7754116397178453;5.6744357096072395e-05;0.05803148746490479;0.01673060152421643
SVDD_poly_4_0.001_auto_;0.0;0.0;0.0;0.0;0.0;0.0;0.5434079858527557;0.02079451611426779;0.7754116397178453;5.6744357096072395e-05;0.07992024421691894;0.014457585272416432
SVDD_poly_4_0.005_auto_;0.0;0.0;0.0;0.0;0.0;0.0;0.5434079858527557;0.02079451611426779;0.7754116397178453;5.6744357096072395e-05;0.07969293594360352;0.012668717443771332
SVDD_poly_4_0.01_auto_;0.0;0.0;0.0;0.0;0.0;0.0;0.5434079858527557;0.02079451611426779;0.7754116397178453;5.6744357096072395e-05;0.07907965183258056;0.024120593556073502
SVDD_poly_4_0.05_auto_;0.26191337877292786;0.04021777501310758;0.5938165108782897;0.3098456095887078;0.30672274476777756;0.1034874366120278;0.5478173608497949;0.023168737946842845;0.48864021241454275;0.1706202528395666;0.07881710529327393;0.031896325582880816
SVDD_poly_4_0.1_auto_;0.261023614973148;0.052444823585075385;0.5151765200514717;0.27314356948572294;0.2957840688528181;0.10821274164257576;0.5488860010620058;0.019631349574147923;0.533784484888907;0.13248654397390275;0.049176788330078124;0.018339324925731468
SVDD_poly_4_0.2_auto_;0.26028704827050675;0.023803436076030172;0.4548337997783148;0.27522237829875784;0.2975227383250847;0.06730831081032648;0.5569350208699173;0.013939554219789348;0.5696496626099199;0.15203810181323318;0.07520956993103027;0.01967969519229677
SVDD_poly_4_0.3_auto_;0.2630638457777605;0.027924819795151944;0.43848043691526273;0.2930489293512939;0.28318967998217814;0.08837144290184004;0.5618635072231715;0.01074459983070181;0.5798640131871402;0.15426189846362479;0.058414268493652347;0.014035654725134818
SVDD_poly_4_0.4_auto_;0.2569287838050273;0.011995504395021707;0.5438898113976787;0.15185878629552266;0.3416114306631294;0.030484688650252913;0.5617854499504512;0.010146402422414548;0.5404320788253452;0.07854593100408007;0.07940530776977539;0.018947171265126857
SVDD_poly_4_0.5_auto_;0.25348354044256033;0.011313751843997058;0.5986097533008592;0.22182928440684846;0.33909326452285604;0.06330365128296582;0.5632859045639093;0.007991818867857109;0.5097289389109402;0.11140891165705948;0.07563982009887696;0.03565201857144979
SVDD_poly_4_3_0.6_auto_;0.27512869585314415;0.03869806267160891;0.4552738152368253;0.28675853296499465;0.28674069259137236;0.10898061781092613;0.5643786948630913;0.005992862056443772;0.579932659078703;0.1453313688536361;0.11473672389984131;0.059484240704259846
SVDD_poly_4_0.7_auto_;0.2573883795994091;0.021578399996653865;0.5567350266914116;0.2766348830838591;0.32061689958275646;0.06562703775096945;0.5643194327346966;0.005761946710631413;0.5192963674014829;0.15319279179153011;0.11139998435974122;0.04571471748032784
SVDD_poly_4_0.8_auto_;0.2703194469045683;0.01982121051499009;0.41591419677324837;0.2828480132167561;0.2821184676488723;0.09073108154492698;0.5652394796751912;0.005150464837674774;0.6000576783148044;0.14350659714215042;0.11044156551361084;0.028310493867035026
SVDD_poly_4_0.9_auto_;0.26407876254966267;0.03698984950450189;0.5809859471947475;0.31605622740486816;0.30942776343521056;0.10044572382261979;0.5656769407511028;0.005085124709279241;0.5037088810124171;0.17259723785816797;0.07335529327392579;0.02845510919997373
